;av_deg;av_shortest_path;cc;components;degree;density;diameter;dist;edges;nodes
0;2.280701754385965;5.519981105337742;0.0035087719298245615;13;dict_values([1, 2, 1, 3, 2, 1, 2, 10, 1, 4, 3, 5, 1, 1, 2, 1, 3, 10, 1, 3, 2, 4, 1, 1, 2, 7, 4, 2, 1, 3, 3, 1, 3, 3, 2, 2, 1, 5, 2, 2, 1, 2, 1, 2, 1, 1, 6, 2, 5, 3, 2, 3, 1, 1, 4, 4, 2, 1, 1, 1, 1, 1, 1, 5, 1, 2, 1, 2, 2, 2, 4, 2, 4, 5, 3, 2, 1, 1, 4, 4, 1, 1, 1, 1, 1, 1, 2, 1, 4, 1, 3, 1, 4, 1, 2, 1, 4, 2, 2, 1, 1, 1, 5, 4, 5, 1, 1, 3, 2, 2, 2, 3, 3, 3, 2, 3, 3, 2, 6, 1, 1, 1, 1, 1, 8, 5, 3, 1, 5, 2, 3, 3, 3, 1, 2, 6, 1, 1, 5, 1, 2, 2, 2, 1, 1, 1, 1, 1, 1, 1, 1, 1, 1, 2, 1, 3, 1, 1, 2, 2, 2, 2, 2, 3, 1, 1, 2, 1, 3, 2, 1]);0.013415892672858616;15;80;195;171
1;17.873333333333335;2.359241917502787;0.13723855499082285;1;dict_values([29, 19, 13, 3, 10, 6, 7, 22, 11, 23, 26, 16, 16, 7, 22, 20, 14, 20, 25, 20, 14, 26, 51, 24, 1, 35, 29, 22, 15, 27, 22, 23, 1, 55, 41, 19, 25, 24, 21, 40, 3, 17, 4, 6, 27, 20, 17, 16, 27, 22, 31, 39, 33, 26, 27, 29, 14, 20, 10, 11, 4, 32, 19, 3, 49, 46, 16, 9, 56, 33, 14, 13, 14, 2, 30, 7, 7, 17, 9, 16, 6, 6, 14, 15, 1, 26, 31, 9, 27, 3, 34, 12, 8, 14, 10, 33, 3, 17, 13, 15, 52, 28, 34, 35, 13, 20, 23, 13, 17, 46, 14, 65, 1, 37, 19, 18, 8, 21, 27, 2, 13, 20, 10, 6, 10, 19, 51, 14, 12, 18, 4, 14, 12, 21, 4, 15, 11, 17, 11, 3, 26, 20, 2, 16, 7, 41, 37, 27, 18, 6, 13, 7, 13, 28, 27, 11, 1, 67, 10, 19, 16, 7, 10, 15, 3, 19, 12, 24, 1, 15, 21, 2, 11, 9, 1, 6, 29, 15, 11, 18, 17, 29, 26, 19, 27, 22, 12, 2, 28, 35, 12, 8, 19, 26, 3, 23, 11, 36, 1, 11, 54, 22, 14, 6, 7, 40, 13, 21, 12, 14, 27, 17, 46, 5, 2, 38, 8, 20, 17, 26, 22, 2, 22, 27, 32, 15, 18, 4, 12, 21, 9, 12, 34, 3, 5, 9, 4, 6, 5, 9, 18, 21, 26, 10, 8, 12, 7, 29, 15, 1, 1, 5, 6, 1, 24, 33, 21, 9, 4, 10, 23, 3, 4, 20, 18, 8, 11, 22, 12, 24, 40, 2, 19, 17, 36, 9, 18, 21, 24, 6, 9, 14, 16, 13, 32, 15, 39, 15, 7, 2, 21, 14, 18, 21, 13, 15, 13, 59, 16, 10]);0.059777034559643255;5;100;2681;300
2;52.70625;1.9605407523510971;0.3139530230262425;1;dict_values([78, 31, 21, 38, 39, 1, 88, 70, 66, 73, 52, 52, 43, 61, 61, 51, 73, 100, 61, 51, 55, 83, 107, 3, 67, 76, 57, 48, 78, 59, 72, 2, 4, 41, 1, 82, 67, 66, 7, 84, 84, 70, 107, 61, 40, 31, 56, 1, 67, 123, 54, 67, 98, 90, 107, 105, 94, 92, 91, 94, 53, 60, 30, 7, 84, 76, 16, 96, 111, 39, 47, 118, 73, 37, 42, 61, 73, 6, 22, 63, 33, 69, 26, 84, 70, 56, 45, 113, 5, 50, 1, 41, 26, 65, 8, 94, 65, 34, 33, 5, 46, 96, 20, 58, 35, 62, 121, 63, 86, 2, 26, 78, 104, 17, 52, 42, 48, 48, 4, 82, 31, 60, 44, 14, 47, 140, 76, 58, 33, 35, 10, 110, 1, 69, 52, 61, 57, 52, 1, 66, 56, 42, 30, 62, 43, 15, 96, 77, 108, 25, 56, 20, 93, 76, 61, 33, 66, 86, 65, 74, 91, 36, 7, 131, 66, 69, 64, 34, 40, 63, 14, 7, 55, 1, 63, 4, 77, 73, 51, 2, 58, 50, 2, 41, 20, 19, 54, 64, 36, 47, 48, 1, 43, 23, 68, 31, 85, 78, 21, 84, 77, 23, 27, 47, 29, 15, 121, 60, 107, 1, 24, 37, 124, 72, 52, 30, 34, 104, 38, 70, 30, 86, 98, 84, 38, 13, 23, 98, 31, 49, 60, 3, 77, 61, 6, 40, 97, 76, 61, 61, 17, 54, 85, 74, 44, 82, 119, 12, 15, 37, 15, 73, 42, 40, 60, 88, 87, 65, 45, 44, 34, 91, 30, 37, 2, 8, 56, 91, 83, 67, 8, 36, 1, 68, 79, 22, 13, 64, 2, 30, 39, 76, 41, 60, 103, 20, 56, 50, 38, 1, 98, 1, 1, 61, 51, 59, 85, 21, 33, 29, 50, 41, 63, 73, 95, 54, 17, 4, 54, 49, 74, 1, 68, 40, 47, 40, 87, 47, 45, 40]);0.16522335423197493;4;120;8433;320
3;76.14492753623189;1.9263734411863835;0.41145249733863865;1;dict_values([113, 46, 54, 74, 141, 111, 95, 100, 83, 78, 143, 10, 90, 51, 82, 104, 8, 20, 10, 102, 122, 111, 28, 79, 48, 79, 1, 1, 154, 108, 134, 1, 108, 120, 133, 70, 86, 66, 82, 39, 117, 89, 105, 70, 56, 120, 1, 106, 89, 49, 148, 68, 146, 6, 61, 143, 1, 65, 67, 154, 2, 65, 111, 76, 74, 97, 54, 99, 50, 1, 106, 108, 90, 89, 106, 87, 38, 1, 59, 59, 63, 89, 115, 88, 132, 72, 113, 58, 135, 96, 92, 99, 98, 117, 5, 151, 2, 81, 1, 101, 61, 76, 78, 108, 143, 110, 91, 126, 109, 90, 1, 1, 93, 85, 149, 2, 56, 170, 90, 113, 77, 142, 118, 149, 133, 145, 152, 58, 122, 75, 119, 94, 125, 76, 94, 20, 148, 110, 82, 8, 26, 94, 97, 93, 140, 28, 104, 73, 70, 85, 74, 108, 2, 1, 58, 133, 63, 108, 82, 14, 136, 129, 149, 72, 2, 2, 47, 60, 155, 38, 128, 59, 1, 8, 81, 100, 16, 126, 35, 66, 130, 80, 126, 41, 150, 79, 116, 2, 68, 116, 101, 113, 71, 132, 129, 45, 1, 1, 74, 102, 68, 88, 3, 120, 38, 101, 125, 102, 108, 3, 106, 12, 162, 100, 154, 97, 68, 130, 123, 142, 94, 13, 116, 31, 80, 101, 55, 80, 121, 10, 60, 39, 110, 52, 16, 81, 44, 15, 138, 14, 143, 1, 1, 105, 164, 136, 40, 97, 57, 9, 105, 118, 26, 181, 21, 143, 1, 56, 142, 12, 89, 99, 2, 1, 1, 93, 23, 115, 99, 106, 73, 107, 106, 61, 13, 73, 32, 1, 95, 1, 43, 89, 1, 36, 31, 78, 71, 107, 116, 58, 46, 113, 50, 2, 30, 121, 58, 41, 89, 28, 80, 105, 103, 55, 1, 95, 8, 1, 120, 1, 76, 121, 13, 29, 75, 145, 133, 103, 1, 58, 5, 102, 65, 94, 38, 29, 55, 71, 108, 138, 1, 87, 63, 2, 142, 116, 63, 58, 115, 1, 29, 82, 79, 109, 54]);0.2213515335355578;4;140;13135;345
4;91.5661971830986;1.8832497811729132;0.4788523617131744;1;dict_values([130, 53, 74, 97, 166, 136, 111, 119, 112, 103, 98, 171, 15, 108, 145, 106, 124, 10, 167, 12, 130, 144, 140, 1, 106, 70, 92, 1, 1, 149, 164, 1, 127, 135, 151, 93, 109, 1, 96, 102, 62, 138, 106, 131, 87, 65, 144, 4, 126, 119, 74, 170, 88, 172, 7, 79, 155, 1, 89, 166, 179, 2, 89, 135, 90, 105, 126, 70, 115, 71, 1, 130, 136, 108, 114, 126, 116, 55, 176, 78, 82, 75, 114, 143, 118, 159, 96, 133, 77, 158, 1, 114, 1, 110, 116, 123, 135, 2, 5, 176, 2, 97, 1, 119, 80, 102, 95, 142, 74, 145, 115, 151, 128, 121, 1, 1, 115, 98, 175, 2, 77, 184, 108, 58, 67, 93, 161, 143, 165, 156, 172, 27, 80, 144, 100, 154, 111, 162, 105, 111, 27, 173, 137, 125, 17, 35, 115, 154, 119, 38, 124, 88, 92, 104, 96, 133, 2, 3, 72, 100, 75, 137, 109, 22, 164, 151, 41, 97, 2, 2, 58, 72, 187, 62, 147, 2, 1, 12, 109, 135, 19, 146, 41, 91, 156, 101, 147, 55, 164, 102, 139, 4, 96, 148, 149, 140, 97, 58, 1, 1, 88, 127, 82, 105, 5, 150, 2, 52, 123, 147, 130, 130, 6, 132, 20, 164, 125, 175, 115, 86, 142, 151, 169, 1, 16, 140, 39, 109, 130, 63, 98, 150, 20, 90, 50, 124, 73, 23, 107, 55, 21, 166, 95, 22, 174, 82, 2, 131, 185, 168, 50, 127, 93, 13, 126, 140, 34, 202, 32, 168, 1, 69, 172, 16, 122, 126, 7, 1, 76, 119, 39, 151, 125, 129, 83, 131, 131, 75, 24, 90, 50, 1, 108, 1, 166, 1, 109, 1, 52, 44, 96, 89, 126, 132, 75, 73, 144, 2, 67, 2, 45, 143, 81, 54, 116, 37, 92, 129, 133, 169, 1, 128, 9, 185, 1, 150, 1, 98, 147, 19, 45, 98, 170, 165, 122, 2, 1, 70, 9, 125, 74, 105, 1, 46, 44, 70, 89, 127, 163, 2, 112, 83, 2, 167, 122, 143, 1, 70, 137, 1, 51, 108, 107, 141, 75]);0.2586615739635553;4;160;16253;355
5;101.9013698630137;1.8598223694114104;0.519901422364068;1;dict_values([151, 56, 93, 112, 192, 163, 125, 138, 119, 112, 186, 22, 118, 72, 128, 1, 138, 10, 116, 33, 15, 154, 162, 154, 4, 126, 80, 101, 1, 2, 167, 180, 1, 143, 149, 165, 112, 123, 1, 116, 117, 83, 152, 153, 148, 110, 80, 156, 4, 144, 132, 89, 187, 103, 1, 193, 8, 91, 169, 1, 102, 177, 204, 3, 104, 153, 98, 122, 145, 78, 124, 90, 3, 142, 156, 120, 133, 145, 140, 69, 1, 100, 94, 81, 133, 155, 137, 178, 118, 156, 94, 174, 1, 127, 1, 1, 134, 145, 150, 6, 8, 189, 3, 105, 1, 136, 92, 116, 100, 163, 167, 98, 170, 138, 166, 142, 3, 1, 110, 131, 115, 192, 2, 91, 198, 120, 71, 2, 107, 177, 162, 184, 173, 181, 1, 103, 160, 114, 186, 132, 173, 127, 130, 32, 193, 154, 123, 22, 42, 134, 148, 139, 195, 54, 143, 106, 120, 117, 151, 2, 3, 87, 172, 91, 154, 125, 28, 135, 188, 169, 55, 132, 4, 2, 67, 84, 203, 70, 163, 2, 2, 28, 128, 164, 23, 164, 51, 111, 171, 117, 169, 70, 178, 123, 152, 5, 120, 166, 174, 159, 121, 69, 1, 1, 100, 147, 96, 118, 11, 182, 2, 62, 145, 163, 150, 156, 10, 150, 25, 180, 145, 188, 125, 102, 151, 168, 188, 1, 22, 160, 45, 134, 148, 79, 108, 166, 31, 108, 61, 126, 77, 29, 125, 66, 126, 26, 183, 29, 197, 103, 2, 148, 198, 192, 56, 145, 128, 101, 16, 141, 126, 44, 214, 190, 41, 182, 1, 84, 193, 20, 142, 142, 8, 1, 89, 139, 46, 172, 147, 148, 102, 155, 160, 87, 31, 103, 61, 2, 119, 1, 184, 1, 121, 1, 66, 49, 105, 93, 140, 143, 86, 89, 167, 2, 81, 2, 54, 156, 96, 71, 131, 39, 177, 100, 142, 150, 183, 2, 149, 112, 190, 1, 169, 2, 1, 111, 162, 24, 57, 114, 116, 184, 1, 135, 1, 90, 13, 140, 86, 1, 1, 61, 55, 82, 101, 139, 187, 2, 1, 98, 2, 189, 138, 13, 161, 2, 87, 155, 1, 64, 126, 124, 165, 86, 1]);0.2799488183049827;4;180;18597;365
6;108.12732095490716;1.8649049043399741;0.560019533678682;1;dict_values([166, 69, 110, 76, 130, 202, 171, 140, 149, 130, 127, 197, 26, 131, 174, 151, 1, 148, 13, 129, 38, 24, 168, 169, 168, 67, 137, 88, 111, 192, 2, 179, 198, 2, 158, 162, 176, 132, 139, 200, 2, 131, 1, 92, 170, 159, 163, 124, 95, 172, 4, 157, 1, 146, 103, 199, 119, 2, 204, 8, 99, 182, 2, 111, 190, 215, 4, 112, 163, 111, 139, 162, 88, 134, 103, 3, 148, 169, 133, 149, 154, 154, 81, 2, 122, 109, 159, 145, 169, 150, 189, 129, 170, 105, 181, 1, 137, 1, 1, 148, 170, 160, 6, 11, 197, 3, 118, 1, 151, 101, 129, 111, 183, 108, 181, 151, 180, 156, 144, 2, 118, 145, 127, 203, 3, 106, 213, 131, 76, 4, 119, 188, 175, 195, 181, 191, 1, 115, 175, 130, 205, 150, 188, 147, 139, 35, 207, 167, 127, 23, 45, 146, 160, 156, 210, 70, 148, 117, 132, 135, 166, 3, 3, 98, 188, 102, 136, 31, 141, 204, 189, 4, 139, 5, 2, 92, 94, 213, 74, 168, 2, 2, 48, 136, 184, 29, 177, 58, 134, 183, 125, 184, 74, 190, 129, 174, 6, 131, 2, 167, 131, 80, 2, 1, 113, 158, 103, 138, 13, 201, 2, 67, 160, 183, 165, 169, 12, 161, 1, 30, 191, 157, 1, 134, 118, 1, 157, 183, 202, 1, 23, 175, 51, 142, 161, 91, 116, 1, 178, 39, 124, 70, 99, 1, 84, 35, 131, 71, 147, 28, 196, 83, 36, 212, 117, 2, 161, 210, 204, 1, 63, 163, 144, 116, 16, 155, 138, 16, 48, 1, 227, 204, 51, 195, 1, 97, 125, 201, 22, 155, 154, 10, 1, 104, 152, 54, 189, 156, 168, 117, 163, 173, 105, 36, 115, 68, 2, 130, 1, 193, 1, 135, 1, 79, 55, 120, 101, 158, 154, 98, 134, 182, 2, 87, 2, 58, 169, 106, 83, 147, 41, 185, 114, 1, 165, 200, 2, 162, 124, 200, 1, 179, 2, 1, 1, 119, 171, 28, 62, 133, 133, 194, 1, 3, 1, 101, 178, 1, 150, 91, 2, 1, 80, 69, 91, 112, 154, 198, 2, 1, 118, 3, 201, 151, 13, 177, 3, 102, 172, 1, 70, 141, 133, 170, 98, 1, 152]);0.2875726621141148;4;200;20382;377
7;113.94832041343669;1.8548151718413195;0.5755925019582944;1;dict_values([181, 79, 126, 81, 147, 213, 182, 156, 163, 1, 139, 144, 208, 30, 140, 187, 169, 1, 157, 13, 147, 43, 31, 183, 183, 177, 5, 1, 147, 100, 124, 201, 5, 186, 215, 3, 165, 170, 189, 147, 146, 213, 2, 146, 1, 105, 182, 162, 179, 139, 106, 184, 5, 166, 1, 154, 115, 209, 133, 3, 214, 13, 110, 192, 2, 130, 198, 217, 5, 124, 171, 124, 149, 172, 97, 141, 114, 4, 1, 155, 181, 138, 165, 168, 167, 94, 3, 130, 121, 170, 156, 174, 162, 205, 143, 179, 115, 194, 1, 149, 1, 1, 157, 180, 171, 6, 11, 205, 3, 123, 1, 158, 110, 144, 125, 196, 120, 194, 173, 192, 170, 154, 2, 127, 160, 141, 216, 3, 115, 222, 146, 85, 6, 130, 196, 182, 204, 188, 207, 1, 126, 181, 141, 222, 162, 158, 148, 40, 216, 178, 144, 25, 49, 155, 171, 169, 223, 83, 1, 168, 129, 1, 144, 151, 179, 3, 4, 108, 201, 110, 156, 36, 155, 219, 205, 75, 113, 150, 5, 3, 102, 99, 222, 92, 180, 2, 2, 1, 142, 202, 36, 186, 68, 146, 193, 138, 194, 83, 200, 134, 1, 189, 14, 141, 190, 4, 180, 142, 87, 2, 1, 123, 173, 113, 152, 18, 215, 2, 75, 167, 195, 179, 1, 184, 14, 170, 1, 36, 200, 170, 2, 144, 126, 1, 174, 208, 216, 2, 28, 186, 60, 159, 173, 99, 126, 1, 189, 43, 141, 75, 106, 1, 90, 40, 144, 75, 157, 35, 206, 133, 92, 43, 221, 127, 2, 178, 220, 218, 1, 70, 171, 127, 18, 1, 170, 152, 59, 1, 234, 212, 58, 208, 1, 102, 133, 211, 27, 173, 172, 12, 1, 114, 170, 74, 202, 172, 184, 124, 174, 184, 115, 47, 121, 71, 1, 2, 145, 1, 202, 1, 146, 1, 92, 60, 132, 113, 173, 167, 104, 144, 194, 2, 98, 3, 66, 176, 115, 94, 158, 48, 192, 122, 1, 176, 206, 3, 170, 13, 209, 1, 196, 2, 1, 57, 1, 134, 181, 149, 73, 146, 143, 208, 3, 4, 1, 201, 16, 1, 162, 97, 2, 1, 91, 72, 100, 122, 164, 207, 3, 156, 131, 3, 212, 167, 192, 4, 114, 190, 2, 84, 35, 146, 1, 182, 110, 1, 160]);0.29520290262548365;4;220;22049;387
8;120.04591836734694;1.8324547210188422;0.6138528748097791;1;dict_values([192, 79, 134, 86, 155, 224, 194, 173, 174, 1, 147, 156, 220, 36, 147, 195, 184, 1, 165, 15, 160, 48, 33, 189, 191, 206, 182, 5, 1, 1, 155, 111, 131, 4, 6, 197, 229, 3, 178, 182, 198, 157, 157, 3, 155, 2, 111, 185, 168, 189, 153, 115, 193, 9, 176, 1, 163, 124, 218, 145, 5, 224, 14, 116, 202, 2, 142, 208, 223, 5, 135, 184, 131, 161, 183, 112, 151, 125, 5, 1, 166, 190, 140, 176, 174, 178, 99, 4, 134, 129, 177, 164, 184, 171, 219, 216, 185, 124, 212, 1, 163, 1, 1, 167, 184, 179, 7, 16, 217, 4, 135, 1, 169, 120, 161, 130, 204, 133, 202, 183, 207, 179, 169, 2, 136, 164, 153, 221, 3, 125, 229, 157, 95, 7, 142, 1, 189, 214, 195, 226, 3, 147, 191, 146, 235, 176, 165, 156, 44, 223, 189, 154, 28, 52, 166, 186, 187, 233, 90, 1, 177, 136, 1, 152, 155, 187, 3, 7, 114, 214, 114, 168, 38, 164, 235, 212, 86, 126, 159, 6, 3, 109, 105, 229, 100, 196, 2, 2, 1, 156, 216, 37, 194, 74, 162, 201, 144, 207, 98, 205, 144, 1, 219, 19, 150, 204, 207, 192, 152, 95, 2, 2, 132, 185, 124, 163, 20, 227, 3, 81, 176, 202, 195, 1, 191, 18, 184, 2, 41, 211, 180, 4, 155, 142, 1, 189, 220, 225, 2, 35, 205, 66, 169, 187, 116, 137, 1, 200, 49, 152, 79, 112, 1, 105, 45, 151, 86, 170, 41, 216, 144, 100, 48, 236, 135, 2, 182, 228, 225, 1, 76, 189, 132, 19, 1, 182, 160, 71, 2, 238, 220, 65, 219, 1, 110, 146, 223, 28, 190, 182, 12, 2, 122, 186, 79, 215, 183, 192, 132, 189, 1, 190, 130, 50, 134, 77, 1, 2, 157, 1, 214, 1, 159, 1, 104, 64, 148, 118, 189, 189, 110, 155, 208, 3, 108, 3, 76, 188, 121, 103, 166, 53, 199, 132, 2, 184, 215, 3, 188, 15, 2, 1, 209, 4, 1, 69, 1, 141, 190, 164, 77, 156, 154, 152, 220, 3, 4, 198, 1, 211, 2, 17, 1, 178, 106, 2, 1, 97, 85, 110, 130, 173, 220, 3, 166, 146, 3, 220, 177, 199, 5, 121, 201, 2, 93, 46, 157, 1, 188, 121, 1, 173]);0.3070228091236495;4;240;23529;392
9;124.4070351758794;1.8202346746326088;0.6526756931511107;1;dict_values([200, 81, 140, 94, 171, 1, 231, 199, 182, 178, 1, 156, 165, 226, 42, 156, 200, 197, 1, 173, 16, 169, 52, 39, 198, 197, 220, 189, 5, 1, 1, 166, 121, 140, 4, 7, 206, 238, 4, 192, 187, 206, 167, 163, 3, 163, 2, 121, 196, 175, 193, 162, 123, 199, 13, 192, 1, 169, 139, 156, 5, 231, 14, 123, 207, 3, 150, 215, 228, 6, 144, 191, 135, 174, 196, 119, 159, 137, 5, 2, 174, 199, 144, 187, 181, 1, 194, 110, 4, 1, 142, 132, 1, 188, 172, 101, 194, 178, 230, 222, 195, 136, 224, 2, 174, 1, 1, 173, 192, 186, 8, 20, 225, 4, 141, 2, 178, 125, 171, 141, 212, 221, 209, 188, 213, 186, 182, 2, 142, 169, 158, 226, 3, 130, 234, 169, 103, 7, 147, 2, 202, 225, 208, 230, 3, 158, 226, 155, 241, 186, 176, 167, 45, 234, 196, 166, 36, 58, 172, 196, 196, 239, 103, 1, 182, 143, 1, 168, 162, 196, 3, 8, 125, 220, 116, 178, 41, 169, 242, 220, 99, 134, 164, 7, 4, 105, 110, 235, 108, 211, 2, 2, 1, 165, 225, 42, 203, 79, 172, 209, 150, 211, 104, 211, 148, 1, 229, 21, 156, 210, 211, 197, 158, 99, 2, 2, 141, 194, 138, 171, 22, 230, 3, 89, 189, 211, 201, 1, 201, 20, 189, 3, 46, 218, 183, 4, 166, 152, 2, 197, 229, 235, 3, 37, 212, 71, 180, 193, 223, 141, 1, 210, 57, 163, 82, 118, 2, 113, 53, 158, 93, 176, 44, 224, 149, 53, 243, 146, 2, 191, 231, 229, 1, 86, 198, 142, 19, 1, 195, 179, 76, 2, 245, 227, 76, 125, 1, 124, 148, 236, 28, 201, 192, 14, 2, 125, 198, 85, 227, 192, 196, 141, 200, 1, 197, 141, 53, 149, 88, 2, 1, 2, 163, 1, 221, 1, 172, 1, 114, 68, 159, 120, 203, 198, 113, 159, 221, 3, 118, 3, 85, 194, 129, 111, 173, 63, 206, 138, 4, 196, 190, 144, 3, 116, 202, 16, 2, 1, 219, 4, 2, 76, 2, 152, 199, 173, 83, 167, 164, 157, 226, 5, 4, 207, 1, 216, 2, 18, 2, 183, 114, 2, 1, 102, 95, 115, 136, 184, 221, 4, 176, 158, 3, 228, 188, 210, 5, 134, 208, 2, 1, 50, 167, 3, 194, 134, 1, 186]);0.3133678467906282;4;260;24757;398
10;127.85679012345679;1.8177606649553844;0.6780438499656591;1;dict_values([211, 89, 147, 100, 181, 1, 241, 209, 200, 194, 184, 1, 163, 174, 232, 48, 163, 211, 209, 1, 182, 16, 176, 211, 47, 206, 200, 225, 197, 5, 1, 1, 171, 126, 146, 4, 7, 211, 245, 5, 202, 193, 215, 176, 169, 3, 167, 3, 129, 140, 204, 182, 201, 177, 129, 205, 16, 198, 3, 172, 149, 166, 6, 235, 16, 131, 221, 3, 165, 225, 233, 7, 157, 195, 145, 187, 207, 9, 129, 172, 146, 5, 2, 181, 205, 150, 197, 188, 1, 201, 117, 4, 1, 151, 143, 2, 196, 1, 176, 106, 199, 191, 237, 225, 205, 144, 227, 2, 186, 1, 1, 179, 201, 188, 8, 20, 234, 4, 145, 2, 184, 137, 176, 150, 222, 231, 222, 201, 221, 190, 189, 2, 149, 173, 166, 233, 3, 136, 237, 177, 8, 158, 2, 212, 231, 218, 239, 3, 166, 234, 161, 247, 195, 226, 189, 175, 51, 240, 200, 170, 41, 62, 179, 203, 207, 241, 109, 2, 184, 149, 1, 177, 169, 206, 3, 2, 133, 222, 122, 184, 44, 180, 249, 229, 114, 169, 8, 5, 112, 117, 242, 118, 219, 3, 2, 1, 174, 227, 49, 216, 84, 177, 214, 158, 215, 112, 220, 156, 3, 237, 25, 162, 221, 218, 212, 166, 226, 102, 3, 2, 148, 203, 146, 176, 26, 237, 3, 97, 198, 220, 212, 1, 212, 22, 197, 1, 3, 50, 225, 192, 4, 169, 163, 3, 1, 203, 236, 240, 4, 39, 224, 77, 188, 202, 228, 153, 2, 218, 58, 172, 85, 126, 2, 116, 58, 162, 102, 178, 52, 237, 57, 246, 155, 2, 203, 196, 240, 237, 1, 92, 206, 146, 20, 2, 200, 183, 88, 2, 248, 233, 83, 132, 1, 132, 153, 246, 33, 208, 199, 17, 2, 131, 208, 88, 239, 201, 209, 152, 216, 1, 204, 144, 56, 161, 99, 2, 1, 3, 169, 1, 113, 1, 183, 1, 126, 71, 164, 124, 211, 210, 121, 166, 229, 3, 123, 3, 92, 199, 130, 112, 181, 65, 141, 193, 1, 195, 154, 3, 121, 208, 160, 3, 2, 229, 4, 2, 83, 2, 162, 52, 181, 93, 174, 169, 164, 230, 5, 4, 208, 1, 147, 4, 18, 2, 190, 120, 2, 1, 108, 98, 1, 122, 148, 193, 226, 4, 187, 169, 3, 234, 194, 17, 222, 5, 1, 212, 2, 1, 55, 183, 3, 200, 148, 1, 4]);0.31647720327588313;4;280;25891;405
11;130.93658536585366;1.810781799749538;0.7031502824831721;1;dict_values([217, 100, 150, 105, 191, 1, 248, 133, 209, 205, 194, 1, 168, 178, 234, 52, 170, 216, 211, 1, 190, 16, 187, 219, 48, 211, 204, 231, 199, 6, 1, 1, 181, 128, 153, 7, 7, 217, 249, 5, 210, 207, 221, 185, 178, 3, 170, 3, 1, 216, 147, 208, 187, 208, 186, 136, 213, 18, 211, 4, 175, 156, 171, 6, 242, 19, 135, 227, 4, 170, 230, 237, 7, 159, 202, 153, 201, 215, 12, 133, 180, 154, 7, 2, 182, 213, 156, 204, 194, 1, 207, 121, 5, 180, 153, 150, 2, 203, 1, 184, 108, 209, 200, 245, 228, 211, 149, 229, 2, 190, 1, 1, 182, 208, 192, 8, 20, 246, 6, 149, 2, 194, 146, 189, 158, 226, 239, 231, 1, 209, 228, 195, 193, 3, 153, 177, 172, 236, 4, 142, 242, 184, 9, 170, 2, 216, 238, 225, 242, 3, 176, 238, 172, 250, 199, 233, 195, 1, 52, 247, 206, 175, 45, 66, 187, 215, 215, 251, 114, 3, 188, 162, 2, 181, 177, 216, 3, 2, 137, 225, 2, 190, 45, 253, 234, 121, 174, 10, 5, 121, 123, 245, 124, 224, 5, 2, 2, 180, 233, 56, 224, 121, 187, 224, 167, 221, 114, 222, 165, 3, 245, 30, 170, 226, 220, 214, 171, 230, 107, 3, 3, 151, 212, 155, 186, 30, 246, 3, 105, 205, 224, 216, 2, 218, 25, 205, 5, 56, 230, 203, 5, 175, 167, 4, 1, 205, 241, 244, 4, 7, 40, 230, 81, 195, 208, 235, 158, 2, 220, 60, 186, 105, 86, 135, 2, 117, 66, 164, 106, 181, 58, 243, 165, 60, 257, 161, 4, 208, 201, 244, 244, 1, 97, 213, 152, 22, 2, 205, 193, 95, 2, 251, 235, 89, 140, 1, 139, 157, 251, 33, 214, 213, 17, 3, 135, 214, 96, 246, 127, 204, 215, 160, 224, 2, 213, 149, 58, 168, 2, 1, 3, 1, 3, 173, 1, 1, 1, 189, 1, 132, 74, 170, 136, 216, 211, 127, 174, 239, 3, 91, 129, 3, 99, 203, 135, 118, 190, 70, 141, 202, 1, 200, 160, 4, 127, 215, 17, 3, 2, 233, 4, 2, 86, 3, 166, 54, 192, 100, 178, 175, 172, 236, 189, 5, 213, 2, 157, 19, 2, 199, 134, 2, 1, 116, 102, 1, 126, 156, 202, 231, 6, 198, 182, 4, 236, 203, 228, 5, 2, 218, 2, 1, 57, 190, 3, 202, 1, 154, 3, 4]);0.3201383505277596;4;300;26842;410
12;135.24087591240877;1.7873716693371313;0.7298213988887073;1;dict_values([221, 110, 153, 111, 200, 1, 255, 139, 216, 214, 205, 1, 172, 184, 240, 54, 181, 220, 217, 2, 192, 20, 195, 219, 54, 219, 209, 238, 205, 6, 1, 1, 188, 133, 161, 8, 7, 227, 251, 7, 216, 212, 223, 195, 182, 5, 175, 3, 1, 220, 153, 213, 194, 212, 190, 144, 217, 20, 216, 5, 179, 166, 187, 9, 246, 19, 143, 231, 5, 177, 233, 241, 9, 167, 206, 162, 207, 225, 14, 137, 189, 162, 8, 3, 184, 223, 162, 215, 200, 1, 211, 127, 5, 185, 162, 152, 3, 207, 2, 1, 193, 114, 220, 208, 250, 231, 221, 157, 233, 2, 195, 1, 191, 216, 202, 10, 22, 251, 7, 156, 2, 202, 153, 195, 163, 236, 242, 238, 1, 214, 234, 205, 199, 4, 157, 185, 176, 245, 4, 149, 248, 188, 9, 173, 3, 226, 246, 236, 246, 3, 185, 243, 174, 253, 206, 243, 204, 1, 56, 250, 214, 180, 46, 69, 196, 221, 221, 258, 124, 4, 196, 167, 2, 193, 186, 218, 3, 2, 140, 231, 130, 196, 50, 259, 240, 135, 181, 13, 5, 126, 131, 252, 134, 225, 5, 2, 2, 186, 242, 60, 234, 129, 192, 232, 174, 224, 125, 226, 168, 5, 248, 33, 178, 236, 225, 218, 183, 239, 109, 3, 3, 160, 217, 160, 192, 32, 251, 4, 112, 209, 230, 223, 2, 226, 27, 207, 5, 62, 234, 215, 9, 180, 175, 5, 1, 212, 247, 254, 5, 7, 43, 237, 85, 201, 214, 238, 164, 3, 228, 61, 196, 108, 89, 141, 3, 124, 72, 168, 108, 183, 63, 246, 168, 62, 263, 166, 2, 213, 204, 248, 253, 2, 101, 222, 155, 23, 2, 211, 197, 102, 3, 252, 245, 96, 146, 2, 148, 163, 252, 35, 218, 217, 20, 4, 141, 222, 104, 248, 210, 226, 161, 227, 3, 222, 157, 64, 174, 3, 1, 4, 1, 3, 181, 1, 1, 2, 195, 1, 142, 78, 174, 140, 223, 214, 134, 177, 248, 4, 96, 131, 5, 109, 208, 141, 125, 193, 73, 1, 144, 206, 2, 205, 166, 4, 135, 222, 18, 3, 2, 239, 4, 2, 89, 3, 173, 57, 200, 106, 189, 180, 178, 240, 193, 5, 217, 2, 165, 6, 21, 2, 206, 140, 2, 1, 124, 107, 1, 133, 162, 210, 234, 7, 211, 192, 6, 243, 211, 233, 5, 2, 228, 2, 1, 61, 199, 3, 205, 1, 163, 3, 5]);0.32985579490831407;4;320;27792;411
13;138.0674698795181;1.7839939468016996;0.7411011453404062;1;dict_values([224, 114, 157, 116, 205, 1, 259, 144, 222, 219, 209, 2, 175, 186, 242, 54, 187, 225, 224, 2, 197, 22, 204, 220, 61, 223, 214, 242, 209, 6, 1, 1, 200, 143, 165, 8, 7, 236, 254, 8, 221, 215, 226, 201, 195, 7, 177, 3, 1, 225, 158, 219, 199, 216, 198, 151, 225, 22, 225, 5, 170, 181, 172, 193, 10, 250, 29, 148, 235, 5, 184, 236, 249, 10, 173, 213, 1, 209, 232, 15, 140, 194, 169, 9, 3, 184, 228, 168, 224, 207, 1, 216, 133, 6, 193, 167, 155, 4, 209, 2, 1, 198, 121, 222, 213, 254, 237, 226, 167, 238, 2, 199, 1, 200, 221, 209, 10, 24, 258, 7, 159, 2, 205, 161, 204, 173, 242, 248, 244, 1, 221, 245, 212, 203, 6, 161, 193, 185, 245, 4, 155, 251, 189, 9, 180, 4, 230, 248, 238, 252, 4, 194, 248, 178, 256, 214, 252, 210, 1, 57, 256, 223, 183, 48, 70, 202, 227, 224, 260, 137, 4, 204, 172, 3, 200, 189, 223, 3, 2, 147, 239, 135, 203, 52, 265, 249, 146, 183, 13, 7, 138, 137, 260, 142, 229, 5, 2, 4, 192, 250, 66, 237, 136, 201, 235, 179, 228, 132, 232, 176, 5, 251, 34, 183, 242, 232, 220, 189, 244, 114, 3, 3, 167, 226, 166, 200, 34, 253, 4, 118, 215, 236, 228, 2, 6, 232, 27, 216, 6, 69, 237, 222, 10, 185, 182, 6, 2, 216, 255, 257, 5, 8, 47, 239, 89, 209, 219, 242, 169, 3, 230, 67, 202, 117, 91, 143, 3, 131, 77, 172, 116, 186, 69, 255, 170, 65, 268, 168, 2, 221, 207, 253, 260, 2, 106, 228, 157, 23, 8, 213, 206, 107, 3, 257, 254, 101, 151, 3, 151, 167, 255, 38, 223, 222, 23, 4, 147, 224, 108, 252, 214, 233, 172, 233, 3, 224, 168, 73, 181, 3, 1, 4, 2, 4, 186, 1, 2, 3, 200, 1, 150, 82, 182, 146, 227, 224, 137, 185, 257, 4, 102, 135, 5, 114, 211, 144, 132, 198, 75, 1, 147, 213, 2, 213, 169, 4, 139, 226, 19, 4, 3, 247, 4, 2, 93, 3, 179, 63, 205, 1, 114, 194, 191, 186, 244, 201, 7, 224, 3, 172, 6, 21, 2, 207, 146, 3, 1, 129, 115, 1, 140, 167, 214, 240, 7, 218, 199, 1, 249, 1, 221, 234, 6, 2, 232, 2, 1, 64, 205, 4, 213, 1, 168, 3, 5]);0.3334963040568069;4;340;28649;415
14;141.4278846153846;1.7696246524559778;0.7518465207865239;1;dict_values([227, 118, 166, 120, 212, 1, 260, 230, 232, 223, 218, 2, 179, 191, 245, 57, 191, 228, 226, 2, 203, 23, 212, 226, 68, 227, 222, 248, 210, 152, 2, 1, 208, 150, 169, 9, 8, 1, 261, 9, 226, 218, 230, 206, 200, 7, 183, 4, 1, 147, 163, 227, 201, 217, 204, 157, 228, 23, 231, 6, 176, 183, 182, 199, 11, 252, 31, 150, 237, 8, 192, 243, 252, 12, 175, 218, 1, 216, 239, 16, 144, 199, 178, 9, 3, 187, 230, 173, 231, 209, 2, 221, 143, 6, 194, 171, 162, 5, 219, 2, 1, 201, 127, 232, 217, 256, 241, 231, 170, 248, 2, 203, 1, 206, 225, 216, 11, 186, 28, 261, 8, 164, 2, 207, 169, 206, 176, 247, 252, 251, 1, 225, 248, 219, 12, 7, 166, 196, 188, 252, 5, 159, 253, 196, 14, 185, 5, 234, 252, 244, 254, 4, 201, 253, 180, 262, 218, 254, 214, 1, 62, 259, 226, 234, 51, 71, 206, 227, 264, 147, 4, 209, 176, 3, 212, 200, 230, 4, 3, 154, 239, 2, 205, 53, 267, 254, 6, 190, 16, 7, 141, 143, 265, 147, 233, 5, 3, 4, 195, 253, 69, 243, 141, 209, 237, 181, 233, 136, 235, 182, 6, 252, 38, 186, 251, 234, 223, 192, 248, 119, 4, 4, 169, 233, 241, 168, 207, 38, 257, 4, 123, 223, 239, 231, 2, 6, 235, 30, 223, 6, 71, 241, 226, 10, 186, 188, 8, 3, 220, 257, 257, 5, 10, 51, 245, 93, 218, 224, 246, 170, 3, 238, 71, 208, 121, 93, 193, 4, 135, 79, 176, 121, 190, 73, 256, 177, 70, 271, 171, 6, 231, 214, 259, 265, 2, 111, 234, 164, 24, 8, 220, 210, 115, 3, 260, 257, 109, 156, 3, 159, 169, 259, 39, 228, 226, 24, 5, 160, 227, 114, 258, 137, 217, 237, 177, 243, 3, 231, 172, 76, 189, 3, 1, 5, 2, 4, 189, 1, 2, 3, 210, 1, 155, 88, 192, 150, 229, 230, 142, 149, 260, 5, 105, 143, 5, 120, 215, 147, 139, 202, 79, 1, 149, 219, 2, 222, 178, 5, 143, 232, 21, 5, 3, 249, 5, 2, 101, 3, 185, 69, 215, 1, 120, 202, 198, 187, 249, 203, 204, 231, 4, 181, 22, 2, 210, 150, 3, 1, 136, 117, 1, 147, 172, 217, 244, 7, 226, 203, 1, 253, 1, 224, 239, 7, 3, 239, 2, 1, 69, 208, 4, 222, 1, 176, 3, 6]);0.3407900834105653;4;360;29417;416
15;144.63309352517985;1.7558568529791552;0.7648873720576033;1;dict_values([231, 121, 175, 124, 218, 1, 262, 234, 239, 225, 224, 2, 182, 196, 245, 61, 196, 233, 237, 2, 209, 24, 217, 229, 73, 232, 227, 250, 215, 155, 2, 1, 215, 155, 176, 10, 8, 3, 265, 9, 234, 223, 232, 212, 206, 8, 192, 5, 1, 150, 166, 232, 206, 220, 212, 163, 231, 25, 237, 6, 183, 185, 186, 204, 14, 258, 35, 154, 242, 9, 199, 246, 258, 14, 181, 223, 2, 225, 245, 16, 153, 200, 186, 12, 3, 191, 233, 178, 237, 216, 2, 224, 157, 6, 199, 175, 165, 5, 221, 2, 1, 207, 129, 234, 226, 259, 246, 236, 172, 252, 3, 207, 1, 211, 226, 220, 11, 31, 263, 9, 167, 2, 209, 172, 215, 183, 250, 255, 254, 1, 229, 251, 223, 14, 7, 169, 199, 195, 255, 5, 171, 254, 203, 147, 14, 197, 7, 237, 255, 250, 258, 5, 205, 255, 185, 265, 225, 257, 220, 1, 63, 262, 231, 190, 51, 75, 212, 238, 233, 267, 152, 4, 215, 181, 3, 218, 209, 233, 4, 3, 158, 241, 2, 211, 57, 268, 258, 6, 1, 197, 16, 9, 146, 151, 268, 151, 236, 5, 3, 4, 199, 260, 72, 246, 109, 211, 240, 186, 238, 145, 237, 185, 7, 259, 41, 192, 252, 240, 231, 194, 251, 123, 4, 4, 179, 238, 242, 172, 212, 40, 262, 6, 127, 227, 243, 234, 2, 6, 239, 35, 232, 6, 73, 243, 230, 11, 191, 192, 9, 4, 226, 259, 259, 5, 10, 55, 252, 96, 224, 228, 248, 174, 3, 239, 74, 220, 125, 96, 195, 4, 138, 82, 179, 126, 194, 81, 259, 182, 72, 274, 175, 7, 232, 218, 266, 272, 2, 119, 239, 167, 26, 8, 225, 213, 120, 3, 264, 262, 116, 163, 4, 166, 171, 262, 39, 237, 234, 25, 6, 163, 231, 120, 262, 138, 227, 243, 180, 250, 3, 239, 176, 81, 198, 4, 1, 6, 2, 4, 193, 1, 2, 4, 214, 1, 159, 89, 198, 156, 236, 236, 146, 155, 265, 5, 149, 5, 123, 221, 154, 143, 203, 83, 1, 152, 225, 3, 224, 185, 5, 149, 235, 22, 5, 4, 260, 5, 2, 104, 4, 187, 73, 225, 1, 126, 208, 203, 190, 252, 208, 206, 238, 4, 188, 24, 2, 216, 156, 5, 1, 143, 127, 1, 150, 180, 219, 250, 10, 232, 206, 1, 257, 2, 230, 242, 7, 3, 240, 2, 1, 69, 214, 5, 227, 1, 186, 3, 6]);0.34767570558937466;4;380;30156;417
16;147.5693779904306;1.742005438711232;0.7812263729285479;1;dict_values([239, 123, 181, 125, 221, 1, 267, 238, 246, 227, 228, 2, 185, 203, 247, 66, 202, 237, 239, 3, 213, 26, 220, 231, 74, 238, 232, 253, 220, 163, 2, 1, 218, 158, 180, 11, 10, 3, 267, 10, 236, 226, 233, 216, 209, 9, 194, 6, 1, 153, 171, 235, 207, 222, 217, 169, 231, 28, 239, 6, 189, 189, 194, 206, 16, 261, 35, 156, 243, 9, 201, 251, 263, 16, 189, 225, 2, 227, 250, 17, 156, 206, 190, 16, 4, 195, 235, 181, 244, 221, 3, 232, 168, 6, 202, 178, 176, 6, 225, 2, 1, 212, 136, 240, 229, 263, 249, 244, 176, 253, 3, 210, 2, 213, 232, 226, 11, 34, 265, 10, 171, 3, 213, 176, 222, 186, 254, 260, 257, 1, 234, 254, 229, 14, 8, 174, 207, 196, 259, 6, 175, 255, 207, 151, 14, 200, 9, 241, 261, 251, 263, 5, 211, 259, 193, 270, 228, 262, 227, 1, 66, 266, 237, 196, 55, 78, 219, 243, 237, 268, 157, 4, 219, 186, 3, 222, 214, 240, 5, 3, 166, 245, 3, 217, 57, 270, 261, 6, 2, 203, 18, 9, 157, 157, 270, 154, 240, 5, 4, 5, 206, 263, 77, 250, 110, 216, 244, 194, 240, 150, 242, 188, 9, 261, 43, 196, 259, 242, 237, 195, 258, 133, 4, 4, 185, 243, 245, 174, 216, 46, 266, 6, 133, 231, 248, 237, 3, 6, 244, 36, 236, 7, 76, 244, 237, 11, 195, 195, 10, 4, 229, 260, 263, 5, 13, 55, 253, 100, 226, 231, 250, 176, 3, 242, 77, 1, 229, 130, 99, 201, 4, 141, 86, 180, 132, 199, 84, 261, 193, 75, 275, 182, 7, 236, 220, 269, 277, 2, 125, 245, 170, 31, 8, 226, 217, 126, 3, 266, 267, 120, 169, 4, 174, 175, 265, 43, 243, 237, 27, 7, 168, 238, 123, 264, 146, 232, 245, 188, 253, 4, 240, 179, 83, 207, 6, 1, 7, 2, 5, 197, 1, 3, 5, 223, 1, 169, 93, 206, 160, 240, 237, 154, 162, 269, 6, 149, 5, 127, 227, 159, 148, 207, 89, 2, 156, 227, 3, 229, 189, 5, 152, 239, 22, 5, 4, 261, 5, 2, 108, 5, 193, 75, 232, 1, 131, 215, 206, 198, 256, 210, 208, 243, 4, 196, 25, 2, 219, 161, 5, 1, 152, 130, 1, 154, 184, 225, 256, 10, 242, 211, 1, 260, 2, 237, 246, 7, 3, 242, 3, 2, 74, 221, 5, 236, 2, 190, 4, 6]);0.35388340045666816;4;400;30842;418
