dec12,dec9,birthdate,later tagged
0,0,,
1,256,28.07.2016,
2,512,,03.08.2016
3,768,06.07.2016,
4,1024,22.08.2016,
5,1280,14.07.2016,
6,1536,19.07.2016,
7,1792,,
8,0,25.07.2016,
9,256,30.06.2016,
10,512,04.07.2016,
11,768,10.08.2016,
12,1024,11.07.2016,
13,1280,,
14,1536,,
15,1792,21.07.2016,
16,1,25.07.2016,
17,257,,
18,513,04.07.2016,
19,769,10.08.2016,
20,1025,13.07.2016,
21,1281,,
22,1537,,
23,1793,22.07.2016,
24,1,28.06.2016,
25,257,28.07.2016,
26,513,,
27,769,06.07.2016,
28,1025,22.08.2016,
29,1281,14.07.2016,
30,1537,20.07.2016,
31,1793,,
32,2,25.07.2016,
33,258,30.06.2016,
34,514,04.07.2016,
35,770,10.08.2016,
36,1026,13.07.2016,
37,1282,,
38,1538,,
39,1794,22.07.2016,
40,2,28.06.2016,
41,258,28.07.2016,
42,514,,
43,770,06.07.2016,
44,1026,15.08.2016,
45,1282,14.07.2016,
46,1538,20.07.2016,
47,1794,,
48,3,28.06.2016,
49,259,28.07.2016,
50,515,,
51,771,06.07.2016,
52,1027,15.08.2016,
53,1283,14.07.2016,
54,1539,20.07.2016,
55,1795,,
56,3,25.07.2016,
57,259,30.06.2016,
58,515,04.07.2016,
59,771,10.08.2016,
60,1027,12.07.2016,
61,1283,,
62,1539,,
63,1795,22.07.2016,
64,4,25.07.2016,
65,260,30.06.2016,
66,516,04.07.2016,
67,772,10.08.2016,
68,1028,13.07.2016,
69,1284,,
70,1540,,
71,1796,22.07.2016,
72,4,28.06.2016,
73,260,28.07.2016,
74,516,,08.08.2016
75,772,06.07.2016,
76,1028,15.08.2016,
77,1284,14.07.2016,
78,1540,20.07.2016,
79,1796,,
80,5,,
81,261,28.07.2016,
82,517,02.08.2016,
83,773,06.07.2016,
84,1029,15.08.2016,
85,1285,14.07.2016,
86,1541,20.07.2016,
87,1797,,
88,5,25.07.2016,
89,261,01.07.2016,
90,517,04.07.2016,
91,773,10.08.2016,
92,1029,13.07.2016,
93,1285,,
94,1541,,
95,1797,22.07.2016,
96,6,,
97,262,28.07.2016,
98,518,02.08.2016,
99,774,06.07.2016,
100,1030,15.08.2016,
101,1286,14.07.2016,
102,1542,20.07.2016,
103,1798,,
104,6,25.07.2016,
105,262,01.07.2016,
106,518,04.07.2016,
107,774,10.08.2016,
108,1030,13.07.2016,
109,1286,,
110,1542,,
111,1798,22.07.2016,
112,7,25.07.2016,
113,263,30.06.2016,
114,519,04.07.2016,
115,775,10.08.2016,
116,1031,13.07.2016,
117,1287,,
118,1543,,
119,1799,22.07.2016,
120,7,28.06.2016,
121,263,28.07.2016,
122,519,02.08.2016,
123,775,06.07.2016,
124,1031,15.08.2016,
125,1287,14.07.2016,
126,1543,20.07.2016,
127,1799,,
128,8,25.07.2016,
129,264,01.07.2016,
130,520,04.07.2016,
131,776,,
132,1032,12.07.2016,
133,1288,,
134,1544,,
135,1800,22.07.2016,
136,8,28.06.2016,
137,264,28.07.2016,
138,520,02.08.2016,
139,776,06.07.2016,
140,1032,15.08.2016,
141,1288,14.07.2016,
142,1544,20.07.2016,
143,1800,,
144,9,28.06.2016,
145,265,28.07.2016,
146,521,02.08.2016,
147,777,06.07.2016,
148,1033,15.08.2016,
149,1289,14.07.2016,
150,1545,20.07.2016,
151,1801,,
152,9,25.07.2016,
153,265,01.07.2016,
154,521,04.07.2016,
155,777,,
156,1033,12.07.2016,
157,1289,,
158,1545,,
159,1801,22.07.2016,
160,10,28.06.2016,
161,266,28.07.2016,
162,522,02.08.2016,
163,778,06.07.2016,
164,1034,15.08.2016,
165,1290,14.07.2016,
166,1546,20.07.2016,
167,1802,,
168,10,,
169,266,30.06.2016,
170,522,04.07.2016,
171,778,10.08.2016,
172,1034,12.07.2016,
173,1290,,
174,1546,,
175,1802,22.07.2016,
176,11,25.07.2016,
177,267,30.06.2016,
178,523,04.07.2016,
179,779,10.08.2016,
180,1035,12.07.2016,
181,1291,,
182,1547,,
183,1803,22.07.2016,
184,11,28.06.2016,
185,267,28.07.2016,
186,523,02.08.2016,
187,779,06.07.2016,
188,1035,15.08.2016,
189,1291,14.07.2016,
190,1547,20.07.2016,
191,1803,,
192,12,28.06.2016,
193,268,28.07.2016,
194,524,02.08.2016,
195,780,06.07.2016,
196,1036,15.08.2016,
197,1292,14.07.2016,
198,1548,20.07.2016,
199,1804,,
200,12,25.07.2016,
201,268,01.07.2016,
202,524,04.07.2016,
203,780,10.08.2016,
204,1036,12.07.2016,
205,1292,,
206,1548,,
207,1804,22.07.2016,
208,13,25.07.2016,
209,269,01.07.2016,
210,525,04.07.2016,
211,781,10.08.2016,
212,1037,12.07.2016,
213,1293,,
214,1549,,
215,1805,22.07.2016,
216,13,28.06.2016,
217,269,28.07.2016,
218,525,02.08.2016,
219,781,06.07.2016,
220,1037,15.08.2016,
221,1293,14.07.2016,
222,1549,20.07.2016,
223,1805,,
224,14,25.07.2016,
225,270,01.07.2016,
226,526,04.07.2016,
227,782,10.08.2016,
228,1038,12.07.2016,
229,1294,,
230,1550,,
231,1806,22.07.2016,
232,14,28.06.2016,
233,270,28.07.2016,
234,526,02.08.2016,
235,782,06.07.2016,
236,1038,15.08.2016,
237,1294,14.07.2016,
238,1550,20.07.2016,
239,1806,,
240,15,28.06.2016,
241,271,28.07.2016,
242,527,02.08.2016,
243,783,06.07.2016,
244,1039,15.08.2016,
245,1295,14.07.2016,
246,1551,20.07.2016,
247,1807,,
248,15,25.07.2016,
249,271,30.06.2016,
250,527,04.07.2016,
251,783,10.08.2016,
252,1039,12.07.2016,
253,1295,,
254,1551,,
255,1807,22.07.2016,
256,16,25.07.2016,
257,272,30.06.2016,
258,528,04.07.2016,
259,784,10.08.2016,
260,1040,12.07.2016,
261,1296,,
262,1552,,
263,1808,22.07.2016,
264,16,28.06.2016,
265,272,28.07.2016,
266,528,02.08.2016,
267,784,06.07.2016,
268,1040,15.08.2016,
269,1296,14.07.2016,
270,1552,20.07.2016,
271,1808,,
272,17,28.06.2016,
273,273,29.07.2016,
274,529,02.08.2016,
275,785,06.07.2016,
276,1041,15.08.2016,
277,1297,14.07.2016,
278,1553,20.07.2016,
279,1809,,
280,17,25.07.2016,
281,273,01.07.2016,
282,529,04.07.2016,
283,785,10.08.2016,
284,1041,12.07.2016,
285,1297,,
286,1553,,
287,1809,22.07.2016,
288,18,28.06.2016,
289,274,29.07.2016,
290,530,02.08.2016,
291,786,06.07.2016,
292,1042,15.08.2016,
293,1298,14.07.2016,
294,1554,20.07.2016,
295,1810,,
296,18,25.07.2016,
297,274,30.06.2016,
298,530,04.07.2016,
299,786,10.08.2016,
300,1042,12.07.2016,
301,1298,,
302,1554,,
303,1810,22.07.2016,
304,19,25.07.2016,
305,275,30.06.2016,
306,531,04.07.2016,
307,787,10.08.2016,
308,1043,12.07.2016,
309,1299,,
310,1555,,
311,1811,22.07.2016,
312,19,28.06.2016,
313,275,29.07.2016,
314,531,02.08.2016,
315,787,06.07.2016,
316,1043,15.08.2016,
317,1299,14.07.2016,
318,1555,20.07.2016,
319,1811,,
320,20,,
321,276,29.07.2016,
322,532,02.08.2016,
323,788,06.07.2016,
324,1044,15.08.2016,
325,1300,14.07.2016,
326,1556,20.07.2016,
327,1812,,
328,20,25.07.2016,
329,276,01.07.2016,
330,532,04.07.2016,
331,788,10.08.2016,
332,1044,12.07.2016,
333,1300,,
334,1556,,
335,1812,22.07.2016,
336,21,25.07.2016,
337,277,30.06.2016,
338,533,04.07.2016,
339,789,10.08.2016,
340,1045,12.07.2016,
341,1301,,
342,1557,,
343,1813,22.07.2016,
344,21,28.06.2016,
345,277,29.07.2016,
346,533,02.08.2016,
347,789,06.07.2016,
348,1045,15.08.2016,
349,1301,14.07.2016,
350,1557,20.07.2016,
351,1813,,
352,22,25.07.2016,
353,278,30.06.2016,
354,534,04.07.2016,
355,790,10.08.2016,
356,1046,12.07.2016,
357,1302,,
358,1558,,
359,1814,22.07.2016,
360,22,28.06.2016,
361,278,29.07.2016,
362,534,02.08.2016,
363,790,06.07.2016,
364,1046,15.08.2016,
365,1302,14.07.2016,
366,1558,20.07.2016,
367,1814,,
368,23,,
369,279,29.07.2016,
370,535,02.08.2016,
371,791,06.07.2016,
372,1047,15.08.2016,
373,1303,14.07.2016,
374,1559,20.07.2016,
375,1815,,
376,23,25.07.2016,
377,279,30.06.2016,
378,535,04.07.2016,
379,791,10.08.2016,
380,1047,12.07.2016,
381,1303,,
382,1559,,
383,1815,22.07.2016,
384,24,28.06.2016,
385,280,29.07.2016,
386,536,02.08.2016,
387,792,06.07.2016,
388,1048,15.08.2016,
389,1304,14.07.2016,
390,1560,20.07.2016,
391,1816,,
392,24,25.07.2016,
393,280,30.06.2016,
394,536,04.07.2016,
395,792,10.08.2016,
396,1048,12.07.2016,
397,1304,,
398,1560,,
399,1816,22.07.2016,
400,25,25.07.2016,
401,281,30.06.2016,
402,537,04.07.2016,
403,793,10.08.2016,
404,1049,12.07.2016,
405,1305,,
406,1561,,
407,1817,22.07.2016,
408,25,28.06.2016,
409,281,29.07.2016,
410,537,02.08.2016,
411,793,06.07.2016,
412,1049,15.08.2016,
413,1305,14.07.2016,
414,1561,20.07.2016,
415,1817,,
416,26,25.07.2016,
417,282,30.06.2016,
418,538,04.07.2016,
419,794,10.08.2016,
420,1050,12.07.2016,
421,1306,,
422,1562,,
423,1818,22.07.2016,
424,26,,
425,282,29.07.2016,
426,538,02.08.2016,
427,794,06.07.2016,
428,1050,15.08.2016,
429,1306,14.07.2016,
430,1562,20.07.2016,
431,1818,,
432,27,28.06.2016,
433,283,29.07.2016,
434,539,02.08.2016,
435,795,06.07.2016,
436,1051,15.08.2016,
437,1307,14.07.2016,
438,1563,20.07.2016,
439,1819,,
440,27,25.07.2016,
441,283,30.06.2016,
442,539,04.07.2016,
443,795,10.08.2016,
444,1051,12.07.2016,
445,1307,,
446,1563,,
447,1819,22.07.2016,
448,28,25.07.2016,
449,284,30.06.2016,
450,540,04.07.2016,
451,796,10.08.2016,
452,1052,12.07.2016,
453,1308,,
454,1564,,
455,1820,22.07.2016,
456,28,28.06.2016,
457,284,29.07.2016,
458,540,02.08.2016,
459,796,06.07.2016,
460,1052,15.08.2016,
461,1308,14.07.2016,
462,1564,20.07.2016,
463,1820,,
464,29,28.06.2016,
465,285,29.07.2016,
466,541,02.08.2016,
467,797,06.07.2016,
468,1053,15.08.2016,
469,1309,14.07.2016,
470,1565,20.07.2016,
471,1821,,
472,29,25.07.2016,
473,285,30.06.2016,
474,541,04.07.2016,
475,797,10.08.2016,
476,1053,12.07.2016,
477,1309,,
478,1565,,
479,1821,22.07.2016,
480,30,,
481,286,29.07.2016,
482,542,02.08.2016,
483,798,06.07.2016,
484,1054,15.08.2016,
485,1310,,
486,1566,20.07.2016,
487,1822,,
488,30,25.07.2016,
489,286,01.07.2016,
490,542,04.07.2016,
491,798,10.08.2016,
492,1054,13.07.2016,
493,1310,,
494,1566,,
495,1822,22.07.2016,
496,31,25.07.2016,
497,287,30.06.2016,
498,543,04.07.2016,
499,799,10.08.2016,
500,1055,11.07.2016,
501,1311,,
502,1567,,
503,1823,22.07.2016,
504,31,28.06.2016,
505,287,29.07.2016,
506,543,02.08.2016,
507,799,06.07.2016,
508,1055,15.08.2016,
509,1311,14.07.2016,
510,1567,20.07.2016,
511,1823,,
512,32,27.07.2016,
513,288,01.07.2016,
514,544,04.07.2016,
515,800,10.08.2016,
516,1056,13.07.2016,
517,1312,,
518,1568,,
519,1824,22.07.2016,
520,32,28.06.2016,
521,288,28.07.2016,
522,544,02.08.2016,
523,800,06.07.2016,
524,1056,22.08.2016,
525,1312,14.07.2016,
526,1568,,
527,1824,,
528,33,28.06.2016,
529,289,28.07.2016,
530,545,02.08.2016,
531,801,06.07.2016,
532,1057,15.08.2016,
533,1313,14.07.2016,
534,1569,20.07.2016,
535,1825,,
536,33,27.07.2016,
537,289,01.07.2016,
538,545,04.07.2016,
539,801,10.08.2016,
540,1057,13.07.2016,
541,1313,,
542,1569,,
543,1825,22.07.2016,
544,34,28.06.2016,
545,290,28.07.2016,
546,546,02.08.2016,
547,802,06.07.2016,
548,1058,15.08.2016,
549,1314,14.07.2016,
550,1570,20.07.2016,
551,1826,,
552,34,27.07.2016,
553,290,30.06.2016,
554,546,04.07.2016,
555,802,10.08.2016,
556,1058,13.07.2016,
557,1314,,
558,1570,,
559,1826,22.07.2016,
560,35,27.07.2016,
561,291,01.07.2016,
562,547,04.07.2016,
563,803,10.08.2016,
564,1059,13.07.2016,
565,1315,,
566,1571,,
567,1827,22.07.2016,
568,35,28.06.2016,
569,291,29.07.2016,
570,547,02.08.2016,
571,803,06.07.2016,
572,1059,15.08.2016,
573,1315,14.07.2016,
574,1571,20.07.2016,
575,1827,,
576,36,28.06.2016,
577,292,29.07.2016,
578,548,02.08.2016,
579,804,06.07.2016,
580,1060,22.08.2016,
581,1316,14.07.2016,
582,1572,,
583,1828,,
584,36,27.07.2016,
585,292,01.07.2016,
586,548,04.07.2016,
587,804,10.08.2016,
588,1060,13.07.2016,
589,1316,,
590,1572,,
591,1828,22.07.2016,
592,37,27.07.2016,
593,293,01.07.2016,
594,549,04.07.2016,
595,805,11.08.2016,
596,1061,13.07.2016,
597,1317,,
598,1573,,
599,1829,22.07.2016,
600,37,28.06.2016,
601,293,29.07.2016,
602,549,02.08.2016,
603,805,06.07.2016,
604,1061,15.08.2016,
605,1317,14.07.2016,
606,1573,20.07.2016,
607,1829,,
608,38,27.07.2016,
609,294,01.07.2016,
610,550,04.07.2016,
611,806,11.08.2016,
612,1062,13.07.2016,
613,1318,,
614,1574,,
615,1830,22.07.2016,
616,38,28.06.2016,
617,294,29.07.2016,
618,550,02.08.2016,
619,806,06.07.2016,
620,1062,15.08.2016,
621,1318,14.07.2016,
622,1574,20.07.2016,
623,1830,,
624,39,28.06.2016,
625,295,29.07.2016,
626,551,02.08.2016,
627,807,06.07.2016,
628,1063,22.08.2016,
629,1319,14.07.2016,
630,1575,20.07.2016,
631,1831,,
632,39,27.07.2016,
633,295,01.07.2016,
634,551,04.07.2016,
635,807,11.08.2016,
636,1063,13.07.2016,
637,1319,,
638,1575,,
639,1831,22.07.2016,
640,40,28.06.2016,
641,296,29.07.2016,
642,552,02.08.2016,
643,808,06.07.2016,
644,1064,22.08.2016,
645,1320,14.07.2016,
646,1576,20.07.2016,
647,1832,,
648,40,27.07.2016,
649,296,01.07.2016,
650,552,04.07.2016,
651,808,11.08.2016,
652,1064,13.07.2016,
653,1320,,
654,1576,,
655,1832,22.07.2016,
656,41,27.07.2016,
657,297,01.07.2016,
658,553,04.07.2016,
659,809,11.08.2016,
660,1065,13.07.2016,
661,1321,,
662,1577,,
663,1833,22.07.2016,
664,41,28.06.2016,
665,297,28.07.2016,
666,553,02.08.2016,
667,809,06.07.2016,
668,1065,15.08.2016,
669,1321,14.07.2016,
670,1577,20.07.2016,
671,1833,,
672,42,27.07.2016,
673,298,01.07.2016,
674,554,04.07.2016,
675,810,11.08.2016,
676,1066,13.07.2016,
677,1322,,
678,1578,,
679,1834,22.07.2016,
680,42,28.06.2016,
681,298,28.07.2016,
682,554,02.08.2016,
683,810,06.07.2016,
684,1066,15.08.2016,
685,1322,14.07.2016,
686,1578,,
687,1834,,
688,43,28.06.2016,
689,299,28.07.2016,
690,555,02.08.2016,
691,811,06.07.2016,
692,1067,15.08.2016,
693,1323,14.07.2016,
694,1579,20.07.2016,
695,1835,,
696,43,27.07.2016,
697,299,30.06.2016,
698,555,04.07.2016,
699,811,11.08.2016,
700,1067,13.07.2016,
701,1323,,
702,1579,,
703,1835,22.07.2016,
704,44,27.07.2016,
705,300,01.07.2016,
706,556,04.07.2016,
707,812,11.08.2016,
708,1068,13.07.2016,
709,1324,,
710,1580,,
711,1836,22.07.2016,
712,44,28.06.2016,
713,300,28.07.2016,
714,556,02.08.2016,
715,812,06.07.2016,
716,1068,15.08.2016,
717,1324,14.07.2016,
718,1580,20.07.2016,
719,1836,,
720,45,28.06.2016,
721,301,28.07.2016,
722,557,02.08.2016,
723,813,06.07.2016,
724,1069,15.08.2016,
725,1325,14.07.2016,
726,1581,20.07.2016,
727,1837,,
728,45,27.07.2016,
729,301,30.06.2016,
730,557,04.07.2016,
731,813,11.08.2016,
732,1069,13.07.2016,
733,1325,,
734,1581,,
735,1837,22.07.2016,
736,46,28.06.2016,
737,302,29.07.2016,
738,558,02.08.2016,
739,814,06.07.2016,
740,1070,15.08.2016,
741,1326,14.07.2016,
742,1582,20.07.2016,
743,1838,,
744,46,27.07.2016,
745,302,01.07.2016,
746,558,04.07.2016,
747,814,11.08.2016,
748,1070,13.07.2016,
749,1326,,
750,1582,,
751,1838,22.07.2016,
752,47,27.07.2016,
753,303,01.07.2016,
754,559,04.07.2016,
755,815,11.08.2016,
756,1071,13.07.2016,
757,1327,,
758,1583,,
759,1839,22.07.2016,
760,47,28.06.2016,
761,303,29.07.2016,
762,559,02.08.2016,
763,815,06.07.2016,
764,1071,15.08.2016,
765,1327,14.07.2016,
766,1583,20.07.2016,
767,1839,,
768,48,28.06.2016,
769,304,29.07.2016,
770,560,02.08.2016,
771,816,06.07.2016,
772,1072,15.08.2016,
773,1328,14.07.2016,
774,1584,20.07.2016,
775,1840,,
776,48,27.07.2016,
777,304,30.06.2016,
778,560,04.07.2016,
779,816,11.08.2016,
780,1072,13.07.2016,
781,1328,,
782,1584,,
783,1840,22.07.2016,
784,49,27.07.2016,
785,305,01.07.2016,
786,561,04.07.2016,
787,817,11.08.2016,
788,1073,12.07.2016,
789,1329,,
790,1585,,
791,1841,22.07.2016,
792,49,28.06.2016,
793,305,29.07.2016,
794,561,02.08.2016,
795,817,06.07.2016,
796,1073,15.08.2016,
797,1329,14.07.2016,
798,1585,20.07.2016,
799,1841,,
800,50,27.07.2016,
801,306,,
802,562,04.07.2016,
803,818,11.08.2016,
804,1074,12.07.2016,
805,1330,,
806,1586,,
807,1842,22.07.2016,
808,50,28.06.2016,
809,306,29.07.2016,
810,562,02.08.2016,
811,818,06.07.2016,
812,1074,15.08.2016,
813,1330,14.07.2016,
814,1586,,
815,1842,,
816,51,28.06.2016,
817,307,29.07.2016,
818,563,02.08.2016,
819,819,06.07.2016,
820,1075,22.08.2016,
821,1331,14.07.2016,
822,1587,20.07.2016,
823,1843,,
824,51,27.07.2016,
825,307,,
826,563,04.07.2016,
827,819,11.08.2016,
828,1075,12.07.2016,
829,1331,,
830,1587,,
831,1843,22.07.2016,
832,52,27.07.2016,
833,308,30.06.2016,
834,564,04.07.2016,
835,820,11.08.2016,
836,1076,12.07.2016,
837,1332,,
838,1588,,
839,1844,22.07.2016,
840,52,28.06.2016,
841,308,29.07.2016,
842,564,,
843,820,06.07.2016,
844,1076,22.08.2016,
845,1332,14.07.2016,
846,1588,20.07.2016,
847,1844,,
848,53,28.06.2016,
849,309,29.07.2016,
850,565,,
851,821,06.07.2016,
852,1077,15.08.2016,
853,1333,14.07.2016,
854,1589,20.07.2016,
855,1845,,
856,53,27.07.2016,
857,309,,
858,565,04.07.2016,
859,821,11.08.2016,
860,1077,12.07.2016,
861,1333,,
862,1589,,
863,1845,22.07.2016,
864,54,,
865,310,29.07.2016,
866,566,,
867,822,06.07.2016,
868,1078,22.08.2016,
869,1334,14.07.2016,
870,1590,,
871,1846,,
872,54,27.07.2016,
873,310,30.06.2016,
874,566,04.07.2016,
875,822,11.08.2016,
876,1078,12.07.2016,
877,1334,,
878,1590,,
879,1846,22.07.2016,
880,55,27.07.2016,
881,311,30.06.2016,
882,567,04.07.2016,
883,823,11.08.2016,
884,1079,12.07.2016,
885,1335,,
886,1591,,
887,1847,22.07.2016,
888,55,,
889,311,29.07.2016,
890,567,02.08.2016,
891,823,06.07.2016,
892,1079,15.08.2016,
893,1335,14.07.2016,
894,1591,20.07.2016,
895,1847,,
896,56,27.07.2016,
897,312,30.06.2016,
898,568,04.07.2016,
899,824,11.08.2016,
900,1080,12.07.2016,
901,1336,,
902,1592,,
903,1848,22.07.2016,
904,56,28.06.2016,
905,312,28.07.2016,
906,568,02.08.2016,
907,824,06.07.2016,
908,1080,22.08.2016,
909,1336,14.07.2016,
910,1592,20.07.2016,
911,1848,,
912,57,28.06.2016,
913,313,28.07.2016,
914,569,02.08.2016,
915,825,06.07.2016,
916,1081,22.08.2016,
917,1337,14.07.2016,
918,1593,20.07.2016,
919,1849,,
920,57,27.07.2016,
921,313,30.06.2016,
922,569,04.07.2016,
923,825,11.08.2016,
924,1081,12.07.2016,
925,1337,,
926,1593,,
927,1849,22.07.2016,
928,58,28.06.2016,
929,314,28.07.2016,
930,570,02.08.2016,
931,826,06.07.2016,
932,1082,22.08.2016,
933,1338,14.07.2016,
934,1594,20.07.2016,
935,1850,,
936,58,27.07.2016,
937,314,30.06.2016,
938,570,04.07.2016,
939,826,11.08.2016,
940,1082,12.07.2016,
941,1338,,
942,1594,,
943,1850,22.07.2016,
944,59,27.07.2016,
945,315,01.07.2016,
946,571,04.07.2016,
947,827,11.08.2016,
948,1083,12.07.2016,
949,1339,,
950,1595,,
951,1851,22.07.2016,
952,59,28.06.2016,
953,315,28.07.2016,
954,571,02.08.2016,
955,827,06.07.2016,
956,1083,15.08.2016,
957,1339,14.07.2016,
958,1595,20.07.2016,
959,1851,,
960,60,,
961,316,28.07.2016,
962,572,02.08.2016,
963,828,06.07.2016,
964,1084,15.08.2016,
965,1340,14.07.2016,
966,1596,20.07.2016,
967,1852,,
968,60,27.07.2016,
969,316,01.07.2016,
970,572,04.07.2016,
971,828,11.08.2016,
972,1084,12.07.2016,
973,1340,,
974,1596,,
975,1852,22.07.2016,
976,61,27.07.2016,
977,317,30.06.2016,
978,573,04.07.2016,
979,829,11.08.2016,
980,1085,12.07.2016,
981,1341,,
982,1597,,
983,1853,22.07.2016,
984,61,28.06.2016,
985,317,28.07.2016,
986,573,02.08.2016,
987,829,06.07.2016,
988,1085,22.08.2016,
989,1341,14.07.2016,
990,1597,20.07.2016,
991,1853,,
992,62,27.07.2016,
993,318,30.06.2016,
994,574,04.07.2016,
995,830,11.08.2016,
996,1086,12.07.2016,
997,1342,,
998,1598,,
999,1854,22.07.2016,
1000,62,28.06.2016,
1001,318,28.07.2016,
1002,574,02.08.2016,
1003,830,06.07.2016,
1004,1086,22.08.2016,
1005,1342,14.07.2016,
1006,1598,20.07.2016,
1007,1854,,
1008,63,28.06.2016,
1009,319,28.07.2016,
1010,575,02.08.2016,
1011,831,06.07.2016,
1012,1087,22.08.2016,
1013,1343,14.07.2016,
1014,1599,20.07.2016,
1015,1855,,
1016,63,27.07.2016,
1017,319,30.06.2016,
1018,575,04.07.2016,
1019,831,11.08.2016,
1020,1087,12.07.2016,
1021,1343,,
1022,1599,,
1023,1855,22.07.2016,
1024,64,27.07.2016,
1025,320,01.07.2016,
1026,576,04.07.2016,
1027,832,11.08.2016,
1028,1088,12.07.2016,
1029,1344,,
1030,1600,,
1031,1856,22.07.2016,
1032,64,28.06.2016,
1033,320,28.07.2016,
1034,576,02.08.2016,
1035,832,06.07.2016,
1036,1088,22.08.2016,
1037,1344,14.07.2016,
1038,1600,20.07.2016,
1039,1856,,
1040,65,28.06.2016,
1041,321,28.07.2016,
1042,577,02.08.2016,
1043,833,07.07.2016,
1044,1089,22.08.2016,
1045,1345,15.07.2016,
1046,1601,21.07.2016,
1047,1857,,
1048,65,27.07.2016,
1049,321,01.07.2016,
1050,577,05.07.2016,
1051,833,11.08.2016,
1052,1089,13.07.2016,
1053,1345,,
1054,1601,,
1055,1857,22.07.2016,
1056,66,28.06.2016,
1057,322,28.07.2016,
1058,578,02.08.2016,
1059,834,07.07.2016,
1060,1090,22.08.2016,
1061,1346,15.07.2016,
1062,1602,20.07.2016,
1063,1858,,
1064,66,27.07.2016,
1065,322,01.07.2016,
1066,578,05.07.2016,
1067,834,11.08.2016,
1068,1090,13.07.2016,
1069,1346,,
1070,1602,,
1071,1858,22.07.2016,
1072,67,27.07.2016,
1073,323,01.07.2016,
1074,579,05.07.2016,
1075,835,11.08.2016,
1076,1091,13.07.2016,
1077,1347,,
1078,1603,,
1079,1859,22.07.2016,
1080,67,28.06.2016,
1081,323,29.07.2016,
1082,579,02.08.2016,
1083,835,07.07.2016,
1084,1091,22.08.2016,
1085,1347,15.07.2016,
1086,1603,20.07.2016,
1087,1859,,
1088,68,28.06.2016,
1089,324,29.07.2016,
1090,580,02.08.2016,
1091,836,07.07.2016,
1092,1092,22.08.2016,
1093,1348,15.07.2016,
1094,1604,20.07.2016,
1095,1860,,
1096,68,27.07.2016,
1097,324,01.07.2016,
1098,580,05.07.2016,
1099,836,11.08.2016,
1100,1092,13.07.2016,
1101,1348,,
1102,1604,,
1103,1860,22.07.2016,
1104,69,27.07.2016,
1105,325,01.07.2016,
1106,581,05.07.2016,
1107,837,11.08.2016,
1108,1093,13.07.2016,
1109,1349,,
1110,1605,,
1111,1861,22.07.2016,
1112,69,28.06.2016,
1113,325,29.07.2016,
1114,581,02.08.2016,
1115,837,07.07.2016,
1116,1093,22.08.2016,
1117,1349,15.07.2016,
1118,1605,20.07.2016,
1119,1861,,
1120,70,27.07.2016,
1121,326,01.07.2016,
1122,582,05.07.2016,
1123,838,11.08.2016,
1124,1094,13.07.2016,
1125,1350,,
1126,1606,,
1127,1862,22.07.2016,
1128,70,28.06.2016,
1129,326,29.07.2016,
1130,582,02.08.2016,
1131,838,07.07.2016,
1132,1094,22.08.2016,
1133,1350,15.07.2016,
1134,1606,20.07.2016,
1135,1862,,
1136,71,28.06.2016,
1137,327,29.07.2016,
1138,583,02.08.2016,
1139,839,07.07.2016,
1140,1095,22.08.2016,
1141,1351,15.07.2016,
1142,1607,20.07.2016,
1143,1863,,
1144,71,27.07.2016,
1145,327,01.07.2016,
1146,583,05.07.2016,
1147,839,11.08.2016,
1148,1095,13.07.2016,
1149,1351,,
1150,1607,,
1151,1863,22.07.2016,
1152,72,28.06.2016,
1153,328,29.07.2016,
1154,584,02.08.2016,
1155,840,07.07.2016,
1156,1096,22.08.2016,
1157,1352,15.07.2016,
1158,1608,20.07.2016,
1159,1864,,
1160,72,27.07.2016,
1161,328,01.07.2016,
1162,584,05.07.2016,
1163,840,11.08.2016,
1164,1096,13.07.2016,
1165,1352,,
1166,1608,,
1167,1864,22.07.2016,
1168,73,27.07.2016,
1169,329,01.07.2016,
1170,585,05.07.2016,
1171,841,11.08.2016,
1172,1097,13.07.2016,
1173,1353,,
1174,1609,,
1175,1865,22.07.2016,
1176,73,28.06.2016,
1177,329,29.07.2016,
1178,585,02.08.2016,
1179,841,07.07.2016,
1180,1097,22.08.2016,
1181,1353,15.07.2016,
1182,1609,20.07.2016,
1183,1865,,
1184,74,27.07.2016,
1185,330,01.07.2016,
1186,586,05.07.2016,
1187,842,11.08.2016,
1188,1098,13.07.2016,
1189,1354,,
1190,1610,,
1191,1866,22.07.2016,
1192,74,28.06.2016,
1193,330,29.07.2016,
1194,586,02.08.2016,
1195,842,07.07.2016,
1196,1098,22.08.2016,
1197,1354,15.07.2016,
1198,1610,20.07.2016,
1199,1866,,
1200,75,28.06.2016,
1201,331,29.07.2016,
1202,587,02.08.2016,
1203,843,07.07.2016,
1204,1099,22.08.2016,
1205,1355,15.07.2016,
1206,1611,20.07.2016,
1207,1867,,
1208,75,27.07.2016,
1209,331,01.07.2016,
1210,587,05.07.2016,
1211,843,11.08.2016,
1212,1099,13.07.2016,
1213,1355,,
1214,1611,,
1215,1867,22.07.2016,
1216,76,27.07.2016,
1217,332,01.07.2016,
1218,588,05.07.2016,
1219,844,11.08.2016,
1220,1100,13.07.2016,
1221,1356,,
1222,1612,,
1223,1868,22.07.2016,
1224,76,28.06.2016,
1225,332,29.07.2016,
1226,588,02.08.2016,
1227,844,07.07.2016,
1228,1100,22.08.2016,
1229,1356,15.07.2016,
1230,1612,20.07.2016,
1231,1868,,
1232,77,28.06.2016,
1233,333,29.07.2016,
1234,589,02.08.2016,
1235,845,07.07.2016,
1236,1101,22.08.2016,
1237,1357,15.07.2016,
1238,1613,20.07.2016,
1239,1869,,
1240,77,27.07.2016,
1241,333,01.07.2016,
1242,589,05.07.2016,
1243,845,11.08.2016,
1244,1101,13.07.2016,
1245,1357,,
1246,1613,,
1247,1869,22.07.2016,
1248,78,28.06.2016,
1249,334,29.07.2016,
1250,590,02.08.2016,
1251,846,07.07.2016,
1252,1102,22.08.2016,
1253,1358,15.07.2016,
1254,1614,20.07.2016,
1255,1870,,
1256,78,27.07.2016,
1257,334,01.07.2016,
1258,590,05.07.2016,
1259,846,11.08.2016,
1260,1102,13.07.2016,
1261,1358,,
1262,1614,,
1263,1870,22.07.2016,
1264,79,27.07.2016,
1265,335,01.07.2016,
1266,591,05.07.2016,
1267,847,11.08.2016,
1268,1103,,
1269,1359,,
1270,1615,,
1271,1871,22.07.2016,
1272,79,28.06.2016,
1273,335,29.07.2016,
1274,591,02.08.2016,
1275,847,07.07.2016,
1276,1103,22.08.2016,
1277,1359,15.07.2016,
1278,1615,20.07.2016,
1279,1871,,
1280,80,28.06.2016,
1281,336,29.07.2016,
1282,592,02.08.2016,
1283,848,07.07.2016,
1284,1104,22.08.2016,
1285,1360,15.07.2016,
1286,1616,20.07.2016,
1287,1872,,
1288,80,27.07.2016,
1289,336,01.07.2016,
1290,592,05.07.2016,
1291,848,11.08.2016,
1292,1104,13.07.2016,
1293,1360,,
1294,1616,,
1295,1872,22.07.2016,
1296,81,27.07.2016,
1297,337,01.07.2016,
1298,593,05.07.2016,
1299,849,11.08.2016,
1300,1105,13.07.2016,
1301,1361,,
1302,1617,,
1303,1873,22.07.2016,
1304,81,28.06.2016,
1305,337,29.07.2016,
1306,593,02.08.2016,
1307,849,07.07.2016,
1308,1105,22.08.2016,
1309,1361,15.07.2016,
1310,1617,20.07.2016,
1311,1873,,
1312,82,27.07.2016,
1313,338,01.07.2016,
1314,594,05.07.2016,
1315,850,11.08.2016,
1316,1106,,
1317,1362,,
1318,1618,,
1319,1874,,
1320,82,28.06.2016,
1321,338,29.07.2016,
1322,594,02.08.2016,
1323,850,07.07.2016,
1324,1106,22.08.2016,
1325,1362,15.07.2016,
1326,1618,20.07.2016,
1327,1874,,
1328,83,28.06.2016,
1329,339,29.07.2016,
1330,595,02.08.2016,
1331,851,07.07.2016,
1332,1107,22.08.2016,
1333,1363,,
1334,1619,21.07.2016,
1335,1875,,
1336,83,27.07.2016,
1337,339,01.07.2016,
1338,595,05.07.2016,
1339,851,11.08.2016,
1340,1107,13.07.2016,
1341,1363,,
1342,1619,,
1343,1875,22.07.2016,
1344,84,27.07.2016,
1345,340,01.07.2016,
1346,596,05.07.2016,
1347,852,11.08.2016,
1348,1108,13.07.2016,
1349,1364,,
1350,1620,,
1351,1876,22.07.2016,
1352,84,28.06.2016,
1353,340,28.07.2016,
1354,596,02.08.2016,
1355,852,07.07.2016,
1356,1108,22.08.2016,
1357,1364,15.07.2016,
1358,1620,21.07.2016,
1359,1876,,
1360,85,28.06.2016,
1361,341,28.07.2016,
1362,597,02.08.2016,
1363,853,07.07.2016,
1364,1109,22.08.2016,
1365,1365,15.07.2016,
1366,1621,21.07.2016,
1367,1877,,
1368,85,27.07.2016,
1369,341,01.07.2016,
1370,597,05.07.2016,
1371,853,11.08.2016,
1372,1109,13.07.2016,
1373,1365,,
1374,1621,,
1375,1877,22.07.2016,
1376,86,28.06.2016,
1377,342,28.07.2016,
1378,598,02.08.2016,
1379,854,07.07.2016,
1380,1110,22.08.2016,
1381,1366,15.07.2016,
1382,1622,21.07.2016,
1383,1878,,
1384,86,27.07.2016,
1385,342,01.07.2016,
1386,598,05.07.2016,
1387,854,11.08.2016,
1388,1110,13.07.2016,
1389,1366,,
1390,1622,,
1391,1878,22.07.2016,
1392,87,27.07.2016,
1393,343,01.07.2016,
1394,599,05.07.2016,
1395,855,11.08.2016,
1396,1111,13.07.2016,
1397,1367,,
1398,1623,,
1399,1879,22.07.2016,
1400,87,28.06.2016,
1401,343,28.07.2016,
1402,599,02.08.2016,
1403,855,07.07.2016,
1404,1111,22.08.2016,
1405,1367,15.07.2016,
1406,1623,21.07.2016,
1407,1879,,
1408,88,27.07.2016,
1409,344,01.07.2016,
1410,600,05.07.2016,
1411,856,11.08.2016,
1412,1112,13.07.2016,
1413,1368,,
1414,1624,,
1415,1880,22.07.2016,
1416,88,28.06.2016,
1417,344,29.07.2016,
1418,600,02.08.2016,
1419,856,07.07.2016,
1420,1112,22.08.2016,
1421,1368,15.07.2016,
1422,1624,21.07.2016,
1423,1880,,
1424,89,28.06.2016,
1425,345,29.07.2016,
1426,601,02.08.2016,
1427,857,07.07.2016,
1428,1113,22.08.2016,
1429,1369,15.07.2016,
1430,1625,21.07.2016,
1431,1881,,
1432,89,27.07.2016,
1433,345,01.07.2016,
1434,601,05.07.2016,
1435,857,11.08.2016,
1436,1113,13.07.2016,
1437,1369,,
1438,1625,,
1439,1881,22.07.2016,
1440,90,28.06.2016,
1441,346,29.07.2016,
1442,602,02.08.2016,
1443,858,07.07.2016,
1444,1114,22.08.2016,
1445,1370,15.07.2016,
1446,1626,20.07.2016,
1447,1882,,
1448,90,27.07.2016,
1449,346,01.07.2016,
1450,602,05.07.2016,
1451,858,11.08.2016,
1452,1114,13.07.2016,
1453,1370,,
1454,1626,,
1455,1882,22.07.2016,
1456,91,27.07.2016,
1457,347,01.07.2016,
1458,603,05.07.2016,
1459,859,11.08.2016,
1460,1115,13.07.2016,
1461,1371,,
1462,1627,,
1463,1883,22.07.2016,
1464,91,28.06.2016,
1465,347,29.07.2016,
1466,603,02.08.2016,
1467,859,07.07.2016,
1468,1115,22.08.2016,
1469,1371,15.07.2016,
1470,1627,20.07.2016,
1471,1883,,
1472,92,28.06.2016,
1473,348,29.07.2016,
1474,604,02.08.2016,
1475,860,07.07.2016,
1476,1116,22.08.2016,
1477,1372,15.07.2016,
1478,1628,20.07.2016,
1479,1884,,
1480,92,27.07.2016,
1481,348,01.07.2016,
1482,604,05.07.2016,
1483,860,11.08.2016,
1484,1116,13.07.2016,
1485,1372,,
1486,1628,,
1487,1884,22.07.2016,
1488,93,27.07.2016,
1489,349,01.07.2016,
1490,605,05.07.2016,
1491,861,11.08.2016,
1492,1117,13.07.2016,
1493,1373,,
1494,1629,,
1495,1885,,
1496,93,28.06.2016,
1497,349,29.07.2016,
1498,605,02.08.2016,
1499,861,07.07.2016,
1500,1117,22.08.2016,
1501,1373,15.07.2016,
1502,1629,20.07.2016,
1503,1885,,
1504,94,27.07.2016,
1505,350,01.07.2016,
1506,606,05.07.2016,
1507,862,11.08.2016,
1508,1118,13.07.2016,
1509,1374,,
1510,1630,,
1511,1886,22.07.2016,
1512,94,28.06.2016,
1513,350,29.07.2016,
1514,606,02.08.2016,
1515,862,07.07.2016,
1516,1118,22.08.2016,
1517,1374,15.07.2016,
1518,1630,20.07.2016,
1519,1886,,
1520,95,28.06.2016,
1521,351,29.07.2016,
1522,607,02.08.2016,
1523,863,07.07.2016,
1524,1119,22.08.2016,
1525,1375,15.07.2016,
1526,1631,21.07.2016,
1527,1887,,
1528,95,27.07.2016,
1529,351,01.07.2016,
1530,607,05.07.2016,
1531,863,11.08.2016,
1532,1119,13.07.2016,
1533,1375,,
1534,1631,,
1535,1887,22.07.2016,
1536,96,28.06.2016,
1537,352,28.07.2016,
1538,608,02.08.2016,
1539,864,07.07.2016,
1540,1120,22.08.2016,
1541,1376,15.07.2016,
1542,1632,20.07.2016,
1543,1888,,
1544,96,27.07.2016,
1545,352,01.07.2016,
1546,608,05.07.2016,
1547,864,11.08.2016,
1548,1120,13.07.2016,
1549,1376,,
1550,1632,,
1551,1888,22.07.2016,
1552,97,27.07.2016,
1553,353,01.07.2016,
1554,609,05.07.2016,
1555,865,11.08.2016,
1556,1121,13.07.2016,
1557,1377,,
1558,1633,,
1559,1889,22.07.2016,
1560,97,28.06.2016,
1561,353,29.07.2016,
1562,609,02.08.2016,
1563,865,07.07.2016,
1564,1121,22.08.2016,
1565,1377,15.07.2016,
1566,1633,20.07.2016,
1567,1889,,
1568,98,27.07.2016,
1569,354,01.07.2016,
1570,610,05.07.2016,
1571,866,11.08.2016,
1572,1122,13.07.2016,
1573,1378,,
1574,1634,,
1575,1890,22.07.2016,
1576,98,28.06.2016,
1577,354,29.07.2016,
1578,610,,
1579,866,07.07.2016,
1580,1122,02.08.2016,
1581,1378,15.07.2016,
1582,1634,20.07.2016,
1583,1890,,
1584,99,28.06.2016,
1585,355,29.07.2016,
1586,611,02.08.2016,
1587,867,07.07.2016,
1588,1123,22.08.2016,
1589,1379,15.07.2016,
1590,1635,20.07.2016,
1591,1891,,
1592,99,27.07.2016,
1593,355,01.07.2016,
1594,611,05.07.2016,
1595,867,11.08.2016,
1596,1123,13.07.2016,
1597,1379,,
1598,1635,,
1599,1891,22.07.2016,
1600,100,27.07.2016,
1601,356,01.07.2016,
1602,612,05.07.2016,
1603,868,11.08.2016,
1604,1124,13.07.2016,
1605,1380,,
1606,1636,,
1607,1892,22.07.2016,
1608,100,28.06.2016,
1609,356,29.07.2016,
1610,612,02.08.2016,
1611,868,07.07.2016,
1612,1124,22.08.2016,
1613,1380,15.07.2016,
1614,1636,20.07.2016,
1615,1892,,
1616,101,28.06.2016,
1617,357,29.07.2016,
1618,613,02.08.2016,
1619,869,07.07.2016,
1620,1125,22.08.2016,
1621,1381,15.07.2016,
1622,1637,20.07.2016,
1623,1893,,
1624,101,27.07.2016,
1625,357,01.07.2016,
1626,613,05.07.2016,
1627,869,11.08.2016,
1628,1125,13.07.2016,
1629,1381,,
1630,1637,,
1631,1893,22.07.2016,
1632,102,28.06.2016,
1633,358,29.07.2016,
1634,614,02.08.2016,
1635,870,07.07.2016,
1636,1126,22.08.2016,
1637,1382,15.07.2016,
1638,1638,20.07.2016,
1639,1894,,
1640,102,27.07.2016,
1641,358,01.07.2016,
1642,614,05.07.2016,
1643,870,11.08.2016,
1644,1126,13.07.2016,
1645,1382,,
1646,1638,,
1647,1894,22.07.2016,
1648,103,27.07.2016,
1649,359,01.07.2016,
1650,615,05.07.2016,
1651,871,11.08.2016,
1652,1127,13.07.2016,
1653,1383,,
1654,1639,,
1655,1895,22.07.2016,
1656,103,28.06.2016,
1657,359,29.07.2016,
1658,615,02.08.2016,
1659,871,07.07.2016,
1660,1127,22.08.2016,
1661,1383,15.07.2016,
1662,1639,20.07.2016,
1663,1895,,
1664,104,27.07.2016,
1665,360,01.07.2016,
1666,616,05.07.2016,
1667,872,11.08.2016,
1668,1128,13.07.2016,
1669,1384,,
1670,1640,,
1671,1896,22.07.2016,
1672,104,28.06.2016,
1673,360,29.07.2016,
1674,616,02.08.2016,
1675,872,07.07.2016,
1676,1128,22.08.2016,
1677,1384,15.07.2016,
1678,1640,20.07.2016,
1679,1896,,
1680,105,28.06.2016,
1681,361,29.07.2016,
1682,617,02.08.2016,
1683,873,07.07.2016,
1684,1129,22.08.2016,
1685,1385,15.07.2016,
1686,1641,20.07.2016,
1687,1897,,
1688,105,27.07.2016,
1689,361,01.07.2016,
1690,617,05.07.2016,
1691,873,11.08.2016,
1692,1129,13.07.2016,
1693,1385,,
1694,1641,,
1695,1897,22.07.2016,
1696,106,28.06.2016,
1697,362,29.07.2016,
1698,618,02.08.2016,
1699,874,07.07.2016,
1700,1130,22.08.2016,
1701,1386,15.07.2016,
1702,1642,21.07.2016,
1703,1898,,
1704,106,27.07.2016,
1705,362,01.07.2016,
1706,618,05.07.2016,
1707,874,11.08.2016,
1708,1130,13.07.2016,
1709,1386,,
1710,1642,,
1711,1898,22.07.2016,
1712,107,27.07.2016,
1713,363,01.07.2016,
1714,619,05.07.2016,
1715,875,11.08.2016,
1716,1131,13.07.2016,
1717,1387,,
1718,1643,,
1719,1899,22.07.2016,
1720,107,28.06.2016,
1721,363,29.07.2016,
1722,619,02.08.2016,
1723,875,07.07.2016,
1724,1131,22.08.2016,
1725,1387,15.07.2016,
1726,1643,20.07.2016,
1727,1899,,
1728,108,28.06.2016,
1729,364,29.07.2016,
1730,620,02.08.2016,
1731,876,07.07.2016,
1732,1132,22.08.2016,
1733,1388,15.07.2016,
1734,1644,21.07.2016,
1735,1900,,
1736,108,27.07.2016,
1737,364,01.07.2016,
1738,620,05.07.2016,
1739,876,11.08.2016,
1740,1132,13.07.2016,
1741,1388,,
1742,1644,,
1743,1900,22.07.2016,
1744,109,27.07.2016,
1745,365,01.07.2016,
1746,621,05.07.2016,
1747,877,11.08.2016,
1748,1133,13.07.2016,
1749,1389,,
1750,1645,,
1751,1901,01.01.2016,
1752,109,28.06.2016,
1753,365,29.07.2016,
1754,621,02.08.2016,
1755,877,07.07.2016,
1756,1133,22.08.2016,
1757,1389,15.07.2016,
1758,1645,21.07.2016,
1759,1901,,
1760,110,27.07.2016,
1761,366,01.07.2016,
1762,622,05.07.2016,
1763,878,10.08.2016,
1764,1134,13.07.2016,
1765,1390,,
1766,1646,,
1767,1902,22.07.2016,
1768,110,28.06.2016,
1769,366,29.07.2016,
1770,622,02.08.2016,
1771,878,07.07.2016,
1772,1134,22.08.2016,
1773,1390,15.07.2016,
1774,1646,21.07.2016,
1775,1902,,
1776,111,28.06.2016,
1777,367,29.07.2016,
1778,623,02.08.2016,
1779,879,07.07.2016,
1780,1135,22.08.2016,
1781,1391,15.07.2016,
1782,1647,21.07.2016,
1783,1903,,
1784,111,27.07.2016,
1785,367,01.07.2016,
1786,623,05.07.2016,
1787,879,11.08.2016,
1788,1135,13.07.2016,
1789,1391,,
1790,1647,,
1791,1903,22.07.2016,
1792,112,27.07.2016,
1793,368,01.07.2016,
1794,624,05.07.2016,
1795,880,11.08.2016,
1796,1136,13.07.2016,
1797,1392,,
1798,1648,,
1799,1904,22.07.2016,
1800,112,28.06.2016,
1801,368,29.07.2016,
1802,624,02.08.2016,
1803,880,07.07.2016,
1804,1136,22.08.2016,
1805,1392,15.07.2016,
1806,1648,21.07.2016,
1807,1904,,
1808,113,28.06.2016,
1809,369,29.07.2016,
1810,625,02.08.2016,
1811,881,07.07.2016,
1812,1137,22.08.2016,
1813,1393,15.07.2016,
1814,1649,21.07.2016,
1815,1905,,
1816,113,27.07.2016,
1817,369,01.07.2016,
1818,625,05.07.2016,
1819,881,11.08.2016,
1820,1137,13.07.2016,
1821,1393,,
1822,1649,,
1823,1905,22.07.2016,
1824,114,28.06.2016,
1825,370,28.07.2016,
1826,626,02.08.2016,
1827,882,07.07.2016,
1828,1138,22.08.2016,
1829,1394,15.07.2016,
1830,1650,21.07.2016,
1831,1906,,
1832,114,27.07.2016,
1833,370,01.07.2016,
1834,626,05.07.2016,
1835,882,10.08.2016,
1836,1138,13.07.2016,
1837,1394,,
1838,1650,,
1839,1906,22.07.2016,
1840,115,27.07.2016,
1841,371,01.07.2016,
1842,627,05.07.2016,
1843,883,11.08.2016,
1844,1139,13.07.2016,
1845,1395,,
1846,1651,,
1847,1907,22.07.2016,
1848,115,28.06.2016,
1849,371,28.07.2016,
1850,627,02.08.2016,
1851,883,07.07.2016,
1852,1139,22.08.2016,
1853,1395,15.07.2016,
1854,1651,21.07.2016,
1855,1907,,
1856,116,28.06.2016,
1857,372,28.07.2016,
1858,628,02.08.2016,
1859,884,07.07.2016,
1860,1140,22.08.2016,
1861,1396,15.07.2016,
1862,1652,21.07.2016,
1863,1908,,
1864,116,27.07.2016,
1865,372,01.07.2016,
1866,628,05.07.2016,
1867,884,11.08.2016,
1868,1140,13.07.2016,
1869,1396,,
1870,1652,,
1871,1908,22.07.2016,
1872,117,27.07.2016,
1873,373,01.07.2016,
1874,629,05.07.2016,
1875,885,11.08.2016,
1876,1141,13.07.2016,
1877,1397,,
1878,1653,,
1879,1909,22.07.2016,
1880,117,28.06.2016,
1881,373,28.07.2016,
1882,629,02.08.2016,
1883,885,07.07.2016,
1884,1141,22.08.2016,
1885,1397,15.07.2016,
1886,1653,21.07.2016,
1887,1909,,
1888,118,27.07.2016,
1889,374,01.07.2016,
1890,630,05.07.2016,
1891,886,11.08.2016,
1892,1142,13.07.2016,
1893,1398,,
1894,1654,,
1895,1910,22.07.2016,
1896,118,28.06.2016,
1897,374,28.07.2016,
1898,630,02.08.2016,
1899,886,07.07.2016,
1900,1142,22.08.2016,
1901,1398,15.07.2016,
1902,1654,21.07.2016,
1903,1910,,
1904,119,28.06.2016,
1905,375,28.07.2016,
1906,631,02.08.2016,
1907,887,07.07.2016,
1908,1143,22.08.2016,
1909,1399,15.07.2016,
1910,1655,21.07.2016,
1911,1911,,
1912,119,27.07.2016,
1913,375,01.07.2016,
1914,631,05.07.2016,
1915,887,11.08.2016,
1916,1143,13.07.2016,
1917,1399,,
1918,1655,,
1919,1911,22.07.2016,
1920,120,,
1921,376,28.07.2016,
1922,632,02.08.2016,
1923,888,07.07.2016,
1924,1144,22.08.2016,
1925,1400,15.07.2016,
1926,1656,21.07.2016,
1927,1912,,
1928,120,27.07.2016,
1929,376,01.07.2016,
1930,632,05.07.2016,
1931,888,11.08.2016,
1932,1144,13.07.2016,
1933,1400,,
1934,1656,,
1935,1912,22.07.2016,
1936,121,27.07.2016,
1937,377,01.07.2016,
1938,633,05.07.2016,
1939,889,11.08.2016,
1940,1145,13.07.2016,
1941,1401,,
1942,1657,,
1943,1913,22.07.2016,
1944,121,28.06.2016,
1945,377,28.07.2016,
1946,633,02.08.2016,
1947,889,07.07.2016,
1948,1145,22.08.2016,
1949,1401,15.07.2016,
1950,1657,21.07.2016,
1951,1913,,
1952,122,27.07.2016,
1953,378,01.07.2016,
1954,634,05.07.2016,
1955,890,11.08.2016,
1956,1146,13.07.2016,
1957,1402,,
1958,1658,,
1959,1914,22.07.2016,
1960,122,28.06.2016,
1961,378,28.07.2016,
1962,634,02.08.2016,
1963,890,07.07.2016,
1964,1146,22.08.2016,
1965,1402,15.07.2016,
1966,1658,21.07.2016,
1967,1914,,
1968,123,28.06.2016,
1969,379,28.07.2016,
1970,635,02.08.2016,
1971,891,07.07.2016,
1972,1147,22.08.2016,
1973,1403,15.07.2016,
1974,1659,21.07.2016,
1975,1915,,
1976,123,27.07.2016,
1977,379,01.07.2016,
1978,635,05.07.2016,
1979,891,11.08.2016,
1980,1147,,
1981,1403,,
1982,1659,,
1983,1915,22.07.2016,
1984,124,27.07.2016,
1985,380,01.07.2016,
1986,636,05.07.2016,
1987,892,11.08.2016,
1988,1148,,
1989,1404,,
1990,1660,,
1991,1916,22.07.2016,
1992,124,28.06.2016,
1993,380,29.07.2016,
1994,636,02.08.2016,
1995,892,07.07.2016,
1996,1148,22.08.2016,
1997,1404,15.07.2016,
1998,1660,21.07.2016,
1999,1916,,
2000,125,28.06.2016,
2001,381,29.07.2016,
2002,637,02.08.2016,
2003,893,07.07.2016,
2004,1149,22.08.2016,
2005,1405,15.07.2016,
2006,1661,20.07.2016,
2007,1917,,
2008,125,27.07.2016,
2009,381,01.07.2016,
2010,637,05.07.2016,
2011,893,11.08.2016,
2012,1149,13.07.2016,
2013,1405,,
2014,1661,,
2015,1917,22.07.2016,
2016,126,28.06.2016,
2017,382,29.07.2016,
2018,638,02.08.2016,
2019,894,07.07.2016,
2020,1150,22.08.2016,
2021,1406,15.07.2016,
2022,1662,20.07.2016,
2023,1918,,
2024,126,27.07.2016,
2025,382,01.07.2016,
2026,638,05.07.2016,
2027,894,11.08.2016,
2028,1150,13.07.2016,
2029,1406,,
2030,1662,,
2031,1918,22.07.2016,
2032,127,27.07.2016,
2033,383,01.07.2016,
2034,639,05.07.2016,
2035,895,11.08.2016,
2036,1151,13.07.2016,
2037,1407,,
2038,1663,,
2039,1919,22.07.2016,
2040,127,28.06.2016,
2041,383,28.07.2016,
2042,639,02.08.2016,
2043,895,07.07.2016,
2044,1151,22.08.2016,
2045,1407,,23.08.2016
2046,1663,20.07.2016,
2047,1919,,
2048,128,28.07.2016,
2049,384,01.07.2016,
2050,640,05.07.2016,
2051,896,11.08.2016,
2052,1152,13.07.2016,
2053,1408,,
2054,1664,,
2055,1920,22.07.2016,
2056,128,28.06.2016,
2057,384,01.08.2016,
2058,640,,
2059,896,07.07.2016,
2060,1152,22.08.2016,
2061,1408,15.07.2016,
2062,1664,20.07.2016,
2063,1920,,
2064,129,29.06.2016,
2065,385,01.08.2016,
2066,641,10.08.2016,
2067,897,07.07.2016,
2068,1153,23.08.2016,
2069,1409,15.07.2016,
2070,1665,21.07.2016,
2071,1921,,
2072,129,28.07.2016,
2073,385,01.07.2016,
2074,641,05.07.2016,
2075,897,11.08.2016,
2076,1153,,
2077,1409,,
2078,1665,,
2079,1921,26.07.2016,
2080,130,29.06.2016,
2081,386,01.08.2016,
2082,642,10.08.2016,
2083,898,07.07.2016,
2084,1154,23.08.2016,
2085,1410,15.07.2016,
2086,1666,21.07.2016,
2087,1922,,
2088,130,27.07.2016,
2089,386,01.07.2016,
2090,642,05.07.2016,
2091,898,11.08.2016,
2092,1154,,
2093,1410,,
2094,1666,,
2095,1922,25.07.2016,
2096,131,28.07.2016,
2097,387,01.07.2016,
2098,643,05.07.2016,
2099,899,11.08.2016,
2100,1155,,
2101,1411,,
2102,1667,,
2103,1923,26.07.2016,
2104,131,29.06.2016,
2105,387,01.08.2016,
2106,643,05.08.2016,
2107,899,07.07.2016,
2108,1155,23.08.2016,
2109,1411,15.07.2016,
2110,1667,21.07.2016,
2111,1923,,
2112,132,29.06.2016,
2113,388,01.08.2016,
2114,644,10.08.2016,
2115,900,07.07.2016,
2116,1156,23.08.2016,
2117,1412,15.07.2016,
2118,1668,21.07.2016,
2119,1924,,
2120,132,28.07.2016,
2121,388,01.07.2016,
2122,644,05.07.2016,
2123,900,11.08.2016,
2124,1156,,
2125,1412,,
2126,1668,,
2127,1924,26.07.2016,
2128,133,28.07.2016,
2129,389,01.07.2016,
2130,645,05.07.2016,
2131,901,11.08.2016,
2132,1157,,
2133,1413,,
2134,1669,,
2135,1925,26.07.2016,
2136,133,29.06.2016,
2137,389,01.08.2016,
2138,645,05.08.2016,
2139,901,07.07.2016,
2140,1157,23.08.2016,
2141,1413,15.07.2016,
2142,1669,21.07.2016,
2143,1925,,
2144,134,28.07.2016,
2145,390,01.07.2016,
2146,646,05.07.2016,
2147,902,11.08.2016,
2148,1158,,
2149,1414,,
2150,1670,,
2151,1926,26.07.2016,
2152,134,29.06.2016,
2153,390,01.08.2016,
2154,646,05.08.2016,
2155,902,07.07.2016,
2156,1158,23.08.2016,
2157,1414,15.07.2016,
2158,1670,21.07.2016,
2159,1926,,
2160,135,29.06.2016,
2161,391,01.08.2016,
2162,647,05.08.2016,
2163,903,07.07.2016,
2164,1159,23.08.2016,
2165,1415,15.07.2016,
2166,1671,21.07.2016,
2167,1927,,
2168,135,28.07.2016,
2169,391,01.07.2016,
2170,647,05.07.2016,
2171,903,11.08.2016,
2172,1159,,
2173,1415,,
2174,1671,,
2175,1927,26.07.2016,
2176,136,29.06.2016,
2177,392,01.08.2016,
2178,648,05.08.2016,
2179,904,07.07.2016,
2180,1160,23.08.2016,
2181,1416,15.07.2016,
2182,1672,21.07.2016,
2183,1928,,
2184,136,28.07.2016,
2185,392,01.07.2016,
2186,648,05.07.2016,
2187,904,11.08.2016,
2188,1160,,
2189,1416,,
2190,1672,,
2191,1928,26.07.2016,
2192,137,28.07.2016,
2193,393,01.07.2016,
2194,649,05.07.2016,
2195,905,11.08.2016,
2196,1161,,
2197,1417,,
2198,1673,,
2199,1929,26.07.2016,
2200,137,29.06.2016,
2201,393,01.08.2016,
2202,649,05.08.2016,
2203,905,07.07.2016,
2204,1161,23.08.2016,
2205,1417,15.07.2016,
2206,1673,21.07.2016,
2207,1929,,
2208,138,28.07.2016,
2209,394,01.07.2016,
2210,650,05.07.2016,
2211,906,11.08.2016,
2212,1162,,
2213,1418,,
2214,1674,,
2215,1930,26.07.2016,
2216,138,29.06.2016,
2217,394,01.08.2016,
2218,650,05.08.2016,
2219,906,07.07.2016,
2220,1162,23.08.2016,
2221,1418,15.07.2016,
2222,1674,21.07.2016,
2223,1930,,
2224,139,29.06.2016,
2225,395,01.08.2016,
2226,651,05.08.2016,
2227,907,07.07.2016,
2228,1163,23.08.2016,
2229,1419,15.07.2016,
2230,1675,21.07.2016,
2231,1931,,
2232,139,28.07.2016,
2233,395,01.07.2016,
2234,651,05.07.2016,
2235,907,11.08.2016,
2236,1163,,
2237,1419,,
2238,1675,,
2239,1931,26.07.2016,
2240,140,28.07.2016,
2241,396,01.07.2016,
2242,652,05.07.2016,
2243,908,11.08.2016,
2244,1164,,
2245,1420,,
2246,1676,,
2247,1932,26.07.2016,
2248,140,29.06.2016,
2249,396,01.08.2016,
2250,652,05.08.2016,
2251,908,07.07.2016,
2252,1164,23.08.2016,
2253,1420,15.07.2016,
2254,1676,21.07.2016,
2255,1932,,
2256,141,29.06.2016,
2257,397,01.08.2016,
2258,653,05.08.2016,
2259,909,07.07.2016,
2260,1165,23.08.2016,
2261,1421,15.07.2016,
2262,1677,21.07.2016,
2263,1933,,
2264,141,28.07.2016,
2265,397,01.07.2016,
2266,653,05.07.2016,
2267,909,11.08.2016,
2268,1165,,
2269,1421,,
2270,1677,,
2271,1933,26.07.2016,
2272,142,29.06.2016,
2273,398,01.08.2016,
2274,654,05.08.2016,
2275,910,07.07.2016,
2276,1166,23.08.2016,
2277,1422,15.07.2016,
2278,1678,21.07.2016,
2279,1934,,
2280,142,28.07.2016,
2281,398,01.07.2016,
2282,654,05.07.2016,
2283,910,11.08.2016,
2284,1166,,
2285,1422,,
2286,1678,,
2287,1934,26.07.2016,
2288,143,28.07.2016,
2289,399,01.07.2016,
2290,655,05.07.2016,
2291,911,11.08.2016,
2292,1167,,
2293,1423,,
2294,1679,,
2295,1935,26.07.2016,
2296,143,29.06.2016,
2297,399,01.08.2016,
2298,655,05.08.2016,
2299,911,07.07.2016,
2300,1167,23.08.2016,
2301,1423,15.07.2016,
2302,1679,21.07.2016,
2303,1935,,
2304,144,29.06.2016,
2305,400,01.08.2016,
2306,656,05.08.2016,
2307,912,07.07.2016,
2308,1168,23.08.2016,
2309,1424,15.07.2016,
2310,1680,21.07.2016,
2311,1936,,
2312,144,28.07.2016,
2313,400,01.07.2016,
2314,656,05.07.2016,
2315,912,11.08.2016,
2316,1168,13.07.2016,
2317,1424,,
2318,1680,,
2319,1936,26.07.2016,
2320,145,28.07.2016,
2321,401,01.07.2016,
2322,657,05.07.2016,
2323,913,11.08.2016,
2324,1169,,
2325,1425,,
2326,1681,,
2327,1937,26.07.2016,
2328,145,29.06.2016,
2329,401,01.08.2016,
2330,657,05.08.2016,
2331,913,07.07.2016,
2332,1169,23.08.2016,
2333,1425,15.07.2016,
2334,1681,21.07.2016,
2335,1937,,
2336,146,28.07.2016,
2337,402,01.07.2016,
2338,658,05.07.2016,
2339,914,11.08.2016,
2340,1170,,
2341,1426,,
2342,1682,,
2343,1938,26.07.2016,
2344,146,29.06.2016,
2345,402,01.08.2016,
2346,658,05.08.2016,
2347,914,07.07.2016,
2348,1170,,
2349,1426,19.07.2016,
2350,1682,21.07.2016,
2351,1938,,
2352,147,29.06.2016,
2353,403,01.08.2016,
2354,659,05.08.2016,
2355,915,07.07.2016,
2356,1171,23.08.2016,
2357,1427,,
2358,1683,21.07.2016,
2359,1939,,
2360,147,28.07.2016,
2361,403,01.07.2016,
2362,659,05.07.2016,
2363,915,11.08.2016,
2364,1171,,
2365,1427,,
2366,1683,,
2367,1939,26.07.2016,
2368,148,28.07.2016,
2369,404,01.07.2016,
2370,660,05.07.2016,
2371,916,11.08.2016,
2372,1172,,
2373,1428,,
2374,1684,,
2375,1940,26.07.2016,
2376,148,29.06.2016,
2377,404,01.08.2016,
2378,660,05.08.2016,
2379,916,07.07.2016,
2380,1172,,
2381,1428,19.07.2016,
2382,1684,21.07.2016,
2383,1940,,
2384,149,29.06.2016,
2385,405,01.08.2016,
2386,661,10.08.2016,
2387,917,07.07.2016,
2388,1173,,
2389,1429,19.07.2016,
2390,1685,21.07.2016,
2391,1941,,
2392,149,28.07.2016,
2393,405,01.07.2016,
2394,661,05.07.2016,
2395,917,11.08.2016,
2396,1173,13.07.2016,
2397,1429,,
2398,1685,,
2399,1941,26.07.2016,
2400,150,29.06.2016,
2401,406,01.08.2016,
2402,662,05.08.2016,
2403,918,07.07.2016,
2404,1174,23.08.2016,
2405,1430,19.07.2016,
2406,1686,21.07.2016,
2407,1942,,
2408,150,28.07.2016,
2409,406,01.07.2016,
2410,662,05.07.2016,
2411,918,11.08.2016,
2412,1174,14.07.2016,
2413,1430,,
2414,1686,,
2415,1942,26.07.2016,
2416,151,28.07.2016,
2417,407,01.07.2016,
2418,663,05.07.2016,
2419,919,11.08.2016,
2420,1175,14.07.2016,
2421,1431,,
2422,1687,,
2423,1943,26.07.2016,
2424,151,29.06.2016,
2425,407,01.08.2016,
2426,663,10.08.2016,
2427,919,07.07.2016,
2428,1175,23.08.2016,
2429,1431,19.07.2016,
2430,1687,21.07.2016,
2431,1943,,
2432,152,28.07.2016,
2433,408,01.07.2016,
2434,664,05.07.2016,
2435,920,11.08.2016,
2436,1176,14.07.2016,
2437,1432,,
2438,1688,,
2439,1944,26.07.2016,
2440,152,29.06.2016,
2441,408,01.08.2016,
2442,664,10.08.2016,
2443,920,07.07.2016,
2444,1176,23.08.2016,
2445,1432,19.07.2016,
2446,1688,21.07.2016,
2447,1944,,
2448,153,29.06.2016,
2449,409,01.08.2016,
2450,665,05.08.2016,
2451,921,07.07.2016,
2452,1177,23.08.2016,
2453,1433,19.07.2016,
2454,1689,21.07.2016,
2455,1945,,
2456,153,28.07.2016,
2457,409,01.07.2016,
2458,665,05.07.2016,
2459,921,11.08.2016,
2460,1177,14.07.2016,
2461,1433,,
2462,1689,,
2463,1945,26.07.2016,
2464,154,29.06.2016,
2465,410,01.08.2016,
2466,666,10.08.2016,
2467,922,07.07.2016,
2468,1178,23.08.2016,
2469,1434,19.07.2016,
2470,1690,21.07.2016,
2471,1946,,
2472,154,28.07.2016,
2473,410,01.07.2016,
2474,666,05.07.2016,
2475,922,11.08.2016,
2476,1178,14.07.2016,
2477,1434,,
2478,1690,,
2479,1946,26.07.2016,
2480,155,28.07.2016,
2481,411,01.07.2016,
2482,667,05.07.2016,
2483,923,11.08.2016,
2484,1179,14.07.2016,
2485,1435,,
2486,1691,,
2487,1947,26.07.2016,
2488,155,29.06.2016,
2489,411,01.08.2016,
2490,667,10.08.2016,
2491,923,07.07.2016,
2492,1179,23.08.2016,
2493,1435,19.07.2016,
2494,1691,21.07.2016,
2495,1947,,
2496,156,29.06.2016,
2497,412,01.08.2016,
2498,668,10.08.2016,
2499,924,07.07.2016,
2500,1180,23.08.2016,
2501,1436,19.07.2016,
2502,1692,21.07.2016,
2503,1948,,
2504,156,28.07.2016,
2505,412,01.07.2016,
2506,668,05.07.2016,
2507,924,11.08.2016,
2508,1180,14.07.2016,
2509,1436,,
2510,1692,,
2511,1948,26.07.2016,
2512,157,28.07.2016,
2513,413,01.07.2016,
2514,669,05.07.2016,
2515,925,11.08.2016,
2516,1181,14.07.2016,
2517,1437,,
2518,1693,,
2519,1949,26.07.2016,
2520,157,29.06.2016,
2521,413,01.08.2016,
2522,669,10.08.2016,
2523,925,07.07.2016,
2524,1181,23.08.2016,
2525,1437,19.07.2016,
2526,1693,21.07.2016,
2527,1949,,
2528,158,28.07.2016,
2529,414,01.07.2016,
2530,670,05.07.2016,
2531,926,11.08.2016,
2532,1182,14.07.2016,
2533,1438,,
2534,1694,,
2535,1950,26.07.2016,
2536,158,29.06.2016,
2537,414,01.08.2016,
2538,670,10.08.2016,
2539,926,07.07.2016,
2540,1182,23.08.2016,
2541,1438,19.07.2016,
2542,1694,21.07.2016,
2543,1950,,
2544,159,29.06.2016,
2545,415,01.08.2016,
2546,671,10.08.2016,
2547,927,07.07.2016,
2548,1183,23.08.2016,
2549,1439,15.07.2016,
2550,1695,21.07.2016,
2551,1951,,
2552,159,28.07.2016,
2553,415,01.07.2016,
2554,671,05.07.2016,
2555,927,11.08.2016,
2556,1183,14.07.2016,
2557,1439,,
2558,1695,,
2559,1951,26.07.2016,
2560,160,29.06.2016,
2561,416,01.08.2016,
2562,672,05.08.2016,
2563,928,07.07.2016,
2564,1184,,
2565,1440,15.07.2016,
2566,1696,21.07.2016,
2567,1952,,
2568,160,28.07.2016,
2569,416,01.07.2016,
2570,672,05.07.2016,
2571,928,11.08.2016,
2572,1184,14.07.2016,
2573,1440,,
2574,1696,,
2575,1952,26.07.2016,
2576,161,28.07.2016,
2577,417,01.07.2016,
2578,673,05.07.2016,
2579,929,11.08.2016,
2580,1185,,
2581,1441,,
2582,1697,,
2583,1953,26.07.2016,
2584,161,29.06.2016,
2585,417,01.08.2016,
2586,673,10.08.2016,
2587,929,07.07.2016,
2588,1185,23.08.2016,
2589,1441,15.07.2016,
2590,1697,21.07.2016,
2591,1953,,
2592,162,28.07.2016,
2593,418,01.07.2016,
2594,674,05.07.2016,
2595,930,11.08.2016,
2596,1186,14.07.2016,
2597,1442,,
2598,1698,,
2599,1954,26.07.2016,
2600,162,29.06.2016,
2601,418,01.08.2016,
2602,674,10.08.2016,
2603,930,07.07.2016,
2604,1186,23.08.2016,
2605,1442,15.07.2016,
2606,1698,21.07.2016,
2607,1954,,
2608,163,29.06.2016,
2609,419,01.08.2016,
2610,675,10.08.2016,
2611,931,07.07.2016,
2612,1187,23.08.2016,
2613,1443,19.07.2016,
2614,1699,21.07.2016,
2615,1955,,
2616,163,28.07.2016,
2617,419,01.07.2016,
2618,675,05.07.2016,
2619,931,11.08.2016,
2620,1187,,
2621,1443,,
2622,1699,,
2623,1955,26.07.2016,
2624,164,28.07.2016,
2625,420,01.07.2016,
2626,676,05.07.2016,
2627,932,11.08.2016,
2628,1188,,
2629,1444,,
2630,1700,,
2631,1956,26.07.2016,
2632,164,29.06.2016,
2633,420,01.08.2016,
2634,676,10.08.2016,
2635,932,07.07.2016,
2636,1188,23.08.2016,
2637,1444,19.07.2016,
2638,1700,21.07.2016,
2639,1956,,
2640,165,29.06.2016,
2641,421,01.08.2016,
2642,677,10.08.2016,
2643,933,07.07.2016,
2644,1189,23.08.2016,
2645,1445,19.07.2016,
2646,1701,21.07.2016,
2647,1957,,
2648,165,27.07.2016,
2649,421,01.07.2016,
2650,677,05.07.2016,
2651,933,11.08.2016,
2652,1189,14.07.2016,
2653,1445,,
2654,1701,,
2655,1957,26.07.2016,
2656,166,29.06.2016,
2657,422,01.08.2016,
2658,678,05.08.2016,
2659,934,07.07.2016,
2660,1190,23.08.2016,
2661,1446,19.07.2016,
2662,1702,21.07.2016,
2663,1958,,
2664,166,27.07.2016,
2665,422,01.07.2016,
2666,678,05.07.2016,
2667,934,11.08.2016,
2668,1190,14.07.2016,
2669,1446,,
2670,1702,,
2671,1958,26.07.2016,
2672,167,27.07.2016,
2673,423,01.07.2016,
2674,679,05.07.2016,
2675,935,11.08.2016,
2676,1191,14.07.2016,
2677,1447,,
2678,1703,,
2679,1959,26.07.2016,
2680,167,29.06.2016,
2681,423,01.08.2016,
2682,679,05.08.2016,
2683,935,07.07.2016,
2684,1191,23.08.2016,
2685,1447,15.07.2016,
2686,1703,21.07.2016,
2687,1959,,
2688,168,27.07.2016,
2689,424,01.07.2016,
2690,680,05.07.2016,
2691,936,11.08.2016,
2692,1192,14.07.2016,
2693,1448,,
2694,1704,,
2695,1960,26.07.2016,
2696,168,29.06.2016,
2697,424,01.08.2016,
2698,680,05.08.2016,
2699,936,07.07.2016,
2700,1192,23.08.2016,
2701,1448,15.07.2016,
2702,1704,21.07.2016,
2703,1960,,
2704,169,29.06.2016,
2705,425,01.08.2016,
2706,681,10.08.2016,
2707,937,07.07.2016,
2708,1193,23.08.2016,
2709,1449,15.07.2016,
2710,1705,21.07.2016,
2711,1961,,
2712,169,27.07.2016,
2713,425,01.07.2016,
2714,681,05.07.2016,
2715,937,11.08.2016,
2716,1193,14.07.2016,
2717,1449,,
2718,1705,,
2719,1961,26.07.2016,
2720,170,29.06.2016,
2721,426,01.08.2016,
2722,682,10.08.2016,
2723,938,07.07.2016,
2724,1194,23.08.2016,
2725,1450,15.07.2016,
2726,1706,21.07.2016,
2727,1962,,
2728,170,27.07.2016,
2729,426,01.07.2016,
2730,682,05.07.2016,
2731,938,11.08.2016,
2732,1194,14.07.2016,
2733,1450,,
2734,1706,,
2735,1962,26.07.2016,
2736,171,27.07.2016,
2737,427,01.07.2016,
2738,683,05.07.2016,
2739,939,11.08.2016,
2740,1195,14.07.2016,
2741,1451,,
2742,1707,,
2743,1963,26.07.2016,
2744,171,29.06.2016,
2745,427,01.08.2016,
2746,683,10.08.2016,
2747,939,07.07.2016,
2748,1195,23.08.2016,
2749,1451,15.07.2016,
2750,1707,21.07.2016,
2751,1963,,
2752,172,29.06.2016,
2753,428,01.08.2016,
2754,684,05.08.2016,
2755,940,07.07.2016,
2756,1196,23.08.2016,
2757,1452,15.07.2016,
2758,1708,21.07.2016,
2759,1964,,
2760,172,27.07.2016,
2761,428,01.07.2016,
2762,684,05.07.2016,
2763,940,11.08.2016,
2764,1196,14.07.2016,
2765,1452,,
2766,1708,,
2767,1964,26.07.2016,
2768,173,27.07.2016,
2769,429,01.07.2016,
2770,685,05.07.2016,
2771,941,11.08.2016,
2772,1197,14.07.2016,
2773,1453,,
2774,1709,,
2775,1965,26.07.2016,
2776,173,29.06.2016,
2777,429,01.08.2016,
2778,685,05.08.2016,
2779,941,07.07.2016,
2780,1197,23.08.2016,
2781,1453,15.07.2016,
2782,1709,21.07.2016,
2783,1965,,
2784,174,28.07.2016,
2785,430,01.07.2016,
2786,686,05.07.2016,
2787,942,11.08.2016,
2788,1198,14.07.2016,
2789,1454,,
2790,1710,,
2791,1966,26.07.2016,
2792,174,29.06.2016,
2793,430,01.08.2016,
2794,686,05.08.2016,
2795,942,07.07.2016,
2796,1198,23.08.2016,
2797,1454,15.07.2016,
2798,1710,21.07.2016,
2799,1966,,
2800,175,29.06.2016,
2801,431,01.08.2016,
2802,687,10.08.2016,
2803,943,07.07.2016,
2804,1199,23.08.2016,
2805,1455,15.07.2016,
2806,1711,21.07.2016,
2807,1967,,
2808,175,28.07.2016,
2809,431,01.07.2016,
2810,687,05.07.2016,
2811,943,11.08.2016,
2812,1199,14.07.2016,
2813,1455,,
2814,1711,,
2815,1967,,
2816,176,28.07.2016,
2817,432,01.07.2016,
2818,688,05.07.2016,
2819,944,11.08.2016,
2820,1200,14.07.2016,
2821,1456,,
2822,1712,,
2823,1968,26.07.2016,
2824,176,29.06.2016,
2825,432,01.08.2016,
2826,688,,
2827,944,07.07.2016,
2828,1200,23.08.2016,
2829,1456,,
2830,1712,21.07.2016,
2831,1968,,
2832,177,29.06.2016,
2833,433,01.08.2016,
2834,689,10.08.2016,
2835,945,07.07.2016,
2836,1201,23.08.2016,
2837,1457,15.07.2016,
2838,1713,22.07.2016,
2839,1969,,
2840,177,28.07.2016,
2841,433,01.07.2016,
2842,689,05.07.2016,
2843,945,11.08.2016,
2844,1201,14.07.2016,
2845,1457,,
2846,1713,,
2847,1969,26.07.2016,
2848,178,29.06.2016,
2849,434,01.08.2016,
2850,690,10.08.2016,
2851,946,07.07.2016,
2852,1202,23.08.2016,
2853,1458,15.07.2016,
2854,1714,22.07.2016,
2855,1970,,
2856,178,28.07.2016,
2857,434,01.07.2016,
2858,690,05.07.2016,
2859,946,11.08.2016,
2860,1202,14.07.2016,
2861,1458,,
2862,1714,,
2863,1970,26.07.2016,
2864,179,28.07.2016,
2865,435,01.07.2016,
2866,691,05.07.2016,
2867,947,11.08.2016,
2868,1203,14.07.2016,
2869,1459,,
2870,1715,,
2871,1971,26.07.2016,
2872,179,29.06.2016,
2873,435,01.08.2016,
2874,691,05.08.2016,
2875,947,07.07.2016,
2876,1203,23.08.2016,
2877,1459,19.07.2016,
2878,1715,22.07.2016,
2879,1971,,
2880,180,29.06.2016,
2881,436,01.08.2016,
2882,692,10.08.2016,
2883,948,07.07.2016,
2884,1204,23.08.2016,
2885,1460,15.07.2016,
2886,1716,22.07.2016,
2887,1972,,
2888,180,28.07.2016,
2889,436,01.07.2016,
2890,692,05.07.2016,
2891,948,11.08.2016,
2892,1204,14.07.2016,
2893,1460,,
2894,1716,,
2895,1972,26.07.2016,
2896,181,28.07.2016,
2897,437,01.07.2016,
2898,693,05.07.2016,
2899,949,11.08.2016,
2900,1205,14.07.2016,
2901,1461,,
2902,1717,,
2903,1973,26.07.2016,
2904,181,29.06.2016,
2905,437,01.08.2016,
2906,693,05.08.2016,
2907,949,07.07.2016,
2908,1205,23.08.2016,
2909,1461,15.07.2016,
2910,1717,21.07.2016,
2911,1973,,
2912,182,28.07.2016,
2913,438,01.07.2016,
2914,694,05.07.2016,
2915,950,11.08.2016,
2916,1206,14.07.2016,
2917,1462,,
2918,1718,,
2919,1974,26.07.2016,
2920,182,29.06.2016,
2921,438,01.08.2016,
2922,694,05.08.2016,
2923,950,07.07.2016,
2924,1206,23.08.2016,
2925,1462,15.07.2016,
2926,1718,21.07.2016,
2927,1974,,
2928,183,29.06.2016,
2929,439,01.08.2016,
2930,695,05.08.2016,
2931,951,07.07.2016,
2932,1207,23.08.2016,
2933,1463,15.07.2016,
2934,1719,21.07.2016,
2935,1975,,
2936,183,28.07.2016,
2937,439,01.07.2016,
2938,695,05.07.2016,
2939,951,11.08.2016,
2940,1207,14.07.2016,
2941,1463,,
2942,1719,,
2943,1975,26.07.2016,
2944,184,29.06.2016,
2945,440,01.08.2016,
2946,696,05.08.2016,
2947,952,07.07.2016,
2948,1208,23.08.2016,
2949,1464,15.07.2016,
2950,1720,21.07.2016,
2951,1976,,
2952,184,28.07.2016,
2953,440,01.07.2016,
2954,696,05.07.2016,
2955,952,11.08.2016,
2956,1208,13.07.2016,
2957,1464,,
2958,1720,,
2959,1976,26.07.2016,
2960,185,28.07.2016,
2961,441,01.07.2016,
2962,697,05.07.2016,
2963,953,11.08.2016,
2964,1209,13.07.2016,
2965,1465,,
2966,1721,,
2967,1977,26.07.2016,
2968,185,29.06.2016,
2969,441,01.08.2016,
2970,697,05.08.2016,
2971,953,07.07.2016,
2972,1209,23.08.2016,
2973,1465,15.07.2016,
2974,1721,21.07.2016,
2975,1977,,
2976,186,28.07.2016,
2977,442,01.07.2016,
2978,698,05.07.2016,
2979,954,11.08.2016,
2980,1210,13.07.2016,
2981,1466,,
2982,1722,,
2983,1978,,
2984,186,29.06.2016,
2985,442,01.08.2016,
2986,698,05.08.2016,
2987,954,07.07.2016,
2988,1210,23.08.2016,
2989,1466,15.07.2016,
2990,1722,21.07.2016,
2991,1978,,
2992,187,29.06.2016,
2993,443,01.08.2016,
2994,699,10.08.2016,
2995,955,07.07.2016,
2996,1211,23.08.2016,
2997,1467,15.07.2016,
2998,1723,21.07.2016,
2999,1979,,
3000,187,28.07.2016,
3001,443,01.07.2016,
3002,699,05.07.2016,
3003,955,11.08.2016,
3004,1211,13.07.2016,
3005,1467,,
3006,1723,,
3007,1979,,
3008,188,28.07.2016,
3009,444,01.07.2016,
3010,700,05.07.2016,
3011,956,11.08.2016,
3012,1212,13.07.2016,
3013,1468,,
3014,1724,,
3015,1980,26.07.2016,
3016,188,29.06.2016,
3017,444,01.08.2016,
3018,700,05.08.2016,
3019,956,07.07.2016,
3020,1212,23.08.2016,
3021,1468,15.07.2016,
3022,1724,21.07.2016,
3023,1980,,
3024,189,29.06.2016,
3025,445,01.08.2016,
3026,701,05.08.2016,
3027,957,07.07.2016,
3028,1213,23.08.2016,
3029,1469,15.07.2016,
3030,1725,21.07.2016,
3031,1981,,
3032,189,28.07.2016,
3033,445,01.07.2016,
3034,701,05.07.2016,
3035,957,11.08.2016,
3036,1213,13.07.2016,
3037,1469,,
3038,1725,,
3039,1981,26.07.2016,
3040,190,29.06.2016,
3041,446,01.08.2016,
3042,702,05.08.2016,
3043,958,07.07.2016,
3044,1214,23.08.2016,
3045,1470,15.07.2016,
3046,1726,21.07.2016,
3047,1982,,
3048,190,28.07.2016,
3049,446,01.07.2016,
3050,702,05.07.2016,
3051,958,11.08.2016,
3052,1214,13.07.2016,
3053,1470,,
3054,1726,,
3055,1982,,
3056,191,28.07.2016,
3057,447,01.07.2016,
3058,703,05.07.2016,
3059,959,11.08.2016,
3060,1215,,
3061,1471,,
3062,1727,,
3063,1983,26.07.2016,
3064,191,29.06.2016,
3065,447,01.08.2016,
3066,703,05.08.2016,
3067,959,07.07.2016,
3068,1215,23.08.2016,
3069,1471,15.07.2016,
3070,1727,21.07.2016,
3071,1983,,
3072,192,29.06.2016,
3073,448,01.08.2016,
3074,704,05.08.2016,
3075,960,07.07.2016,
3076,1216,23.08.2016,
3077,1472,15.07.2016,
3078,1728,21.07.2016,
3079,1984,,
3080,192,28.07.2016,
3081,448,01.07.2016,
3082,704,05.07.2016,
3083,960,11.08.2016,
3084,1216,13.07.2016,
3085,1472,,
3086,1728,,
3087,1984,26.07.2016,
3088,193,27.07.2016,
3089,449,04.07.2016,
3090,705,06.07.2016,
3091,961,22.08.2016,
3092,1217,13.07.2016,
3093,1473,,
3094,1729,,
3095,1985,26.07.2016,
3096,193,29.06.2016,
3097,449,01.08.2016,
3098,705,10.08.2016,
3099,961,11.07.2016,
3100,1217,,
3101,1473,19.07.2016,
3102,1729,21.07.2016,
3103,1985,,
3104,194,27.07.2016,
3105,450,04.07.2016,
3106,706,06.07.2016,
3107,962,15.08.2016,
3108,1218,,
3109,1474,,
3110,1730,,
3111,1986,26.07.2016,
3112,194,29.06.2016,
3113,450,01.08.2016,
3114,706,10.08.2016,
3115,962,11.07.2016,
3116,1218,,
3117,1474,19.07.2016,
3118,1730,21.07.2016,
3119,1986,,
3120,195,29.06.2016,
3121,451,01.08.2016,
3122,707,10.08.2016,
3123,963,11.07.2016,
3124,1219,,
3125,1475,19.07.2016,
3126,1731,21.07.2016,
3127,1987,,
3128,195,27.07.2016,
3129,451,04.07.2016,
3130,707,06.07.2016,
3131,963,15.08.2016,
3132,1219,13.07.2016,
3133,1475,,
3134,1731,,
3135,1987,26.07.2016,
3136,196,27.07.2016,
3137,452,04.07.2016,
3138,708,06.07.2016,
3139,964,15.08.2016,
3140,1220,13.07.2016,
3141,1476,,
3142,1732,,
3143,1988,26.07.2016,
3144,196,29.06.2016,
3145,452,01.08.2016,
3146,708,10.08.2016,
3147,964,11.07.2016,
3148,1220,,
3149,1476,20.07.2016,
3150,1732,21.07.2016,
3151,1988,,
3152,197,29.06.2016,
3153,453,01.08.2016,
3154,709,10.08.2016,
3155,965,11.07.2016,
3156,1221,,
3157,1477,20.07.2016,
3158,1733,21.07.2016,
3159,1989,,
3160,197,27.07.2016,
3161,453,04.07.2016,
3162,709,06.07.2016,
3163,965,15.08.2016,
3164,1221,13.07.2016,
3165,1477,,
3166,1733,,
3167,1989,26.07.2016,
3168,198,29.06.2016,
3169,454,01.08.2016,
3170,710,10.08.2016,
3171,966,11.07.2016,
3172,1222,,02.09.2016
3173,1478,20.07.2016,
3174,1734,21.07.2016,
3175,1990,,
3176,198,27.07.2016,
3177,454,04.07.2016,
3178,710,06.07.2016,
3179,966,15.08.2016,
3180,1222,13.07.2016,
3181,1478,,
3182,1734,,
3183,1990,26.07.2016,
3184,199,27.07.2016,
3185,455,04.07.2016,
3186,711,06.07.2016,
3187,967,15.08.2016,
3188,1223,13.07.2016,
3189,1479,,
3190,1735,,
3191,1991,26.07.2016,
3192,199,29.06.2016,
3193,455,01.08.2016,
3194,711,10.08.2016,
3195,967,11.07.2016,
3196,1223,,
3197,1479,,
3198,1735,21.07.2016,
3199,1991,,
3200,200,27.07.2016,
3201,456,04.07.2016,
3202,712,06.07.2016,
3203,968,15.08.2016,
3204,1224,13.07.2016,
3205,1480,,
3206,1736,,
3207,1992,26.07.2016,
3208,200,29.06.2016,
3209,456,01.08.2016,
3210,712,10.08.2016,
3211,968,11.07.2016,
3212,1224,,
3213,1480,20.07.2016,
3214,1736,21.07.2016,
3215,1992,,
3216,201,29.06.2016,
3217,457,01.08.2016,
3218,713,10.08.2016,
3219,969,11.07.2016,
3220,1225,,
3221,1481,20.07.2016,
3222,1737,21.07.2016,
3223,1993,,
3224,201,27.07.2016,
3225,457,04.07.2016,
3226,713,06.07.2016,
3227,969,22.08.2016,
3228,1225,13.07.2016,
3229,1481,,
3230,1737,,
3231,1993,26.07.2016,
3232,202,29.06.2016,
3233,458,01.08.2016,
3234,714,10.08.2016,
3235,970,11.07.2016,
3236,1226,,
3237,1482,20.07.2016,
3238,1738,21.07.2016,
3239,1994,,
3240,202,27.07.2016,
3241,458,04.07.2016,
3242,714,06.07.2016,
3243,970,15.08.2016,
3244,1226,13.07.2016,
3245,1482,,
3246,1738,,
3247,1994,26.07.2016,
3248,203,28.07.2016,
3249,459,04.07.2016,
3250,715,06.07.2016,
3251,971,15.08.2016,
3252,1227,13.07.2016,
3253,1483,,
3254,1739,,
3255,1995,26.07.2016,
3256,203,29.06.2016,
3257,459,01.08.2016,
3258,715,10.08.2016,
3259,971,11.07.2016,
3260,1227,,
3261,1483,20.07.2016,
3262,1739,21.07.2016,
3263,1995,,
3264,204,29.06.2016,
3265,460,01.08.2016,
3266,716,10.08.2016,
3267,972,11.07.2016,
3268,1228,,
3269,1484,20.07.2016,
3270,1740,21.07.2016,
3271,1996,,
3272,204,28.07.2016,
3273,460,04.07.2016,
3274,716,06.07.2016,
3275,972,15.08.2016,
3276,1228,13.07.2016,
3277,1484,,
3278,1740,,
3279,1996,26.07.2016,
3280,205,28.07.2016,
3281,461,04.07.2016,
3282,717,06.07.2016,
3283,973,15.08.2016,
3284,1229,13.07.2016,
3285,1485,,
3286,1741,,
3287,1997,26.07.2016,
3288,205,29.06.2016,
3289,461,01.08.2016,
3290,717,10.08.2016,
3291,973,11.07.2016,
3292,1229,,
3293,1485,20.07.2016,
3294,1741,21.07.2016,
3295,1997,,
3296,206,28.07.2016,
3297,462,04.07.2016,
3298,718,06.07.2016,
3299,974,15.08.2016,
3300,1230,13.07.2016,
3301,1486,,
3302,1742,,
3303,1998,26.07.2016,
3304,206,29.06.2016,
3305,462,01.08.2016,
3306,718,10.08.2016,
3307,974,11.07.2016,
3308,1230,,
3309,1486,20.07.2016,
3310,1742,21.07.2016,
3311,1998,,
3312,207,29.06.2016,
3313,463,01.08.2016,
3314,719,10.08.2016,
3315,975,11.07.2016,
3316,1231,,
3317,1487,20.07.2016,
3318,1743,21.07.2016,
3319,1999,,
3320,207,28.07.2016,
3321,463,04.07.2016,
3322,719,06.07.2016,
3323,975,15.08.2016,
3324,1231,13.07.2016,
3325,1487,,
3326,1743,,
3327,1999,26.07.2016,
3328,208,28.07.2016,
3329,464,04.07.2016,
3330,720,06.07.2016,
3331,976,15.08.2016,
3332,1232,14.07.2016,
3333,1488,,
3334,1744,,
3335,2000,26.07.2016,
3336,208,29.06.2016,
3337,464,01.08.2016,
3338,720,10.08.2016,
3339,976,11.07.2016,
3340,1232,,
3341,1488,20.07.2016,
3342,1744,21.07.2016,
3343,2000,,
3344,209,29.06.2016,
3345,465,01.08.2016,
3346,721,10.08.2016,
3347,977,11.07.2016,
3348,1233,,
3349,1489,20.07.2016,
3350,1745,21.07.2016,
3351,2001,,
3352,209,28.07.2016,
3353,465,04.07.2016,
3354,721,06.07.2016,
3355,977,15.08.2016,
3356,1233,,
3357,1489,,
3358,1745,,
3359,2001,26.07.2016,
3360,210,29.06.2016,
3361,466,01.08.2016,
3362,722,10.08.2016,
3363,978,11.07.2016,
3364,1234,,
3365,1490,19.07.2016,
3366,1746,21.07.2016,
3367,2002,,
3368,210,28.07.2016,
3369,466,04.07.2016,
3370,722,06.07.2016,
3371,978,22.08.2016,
3372,1234,14.07.2016,
3373,1490,,
3374,1746,,
3375,2002,26.07.2016,
3376,211,28.07.2016,
3377,467,04.07.2016,
3378,723,06.07.2016,
3379,979,22.08.2016,
3380,1235,14.07.2016,
3381,1491,,
3382,1747,,
3383,2003,26.07.2016,
3384,211,29.06.2016,
3385,467,01.08.2016,
3386,723,10.08.2016,
3387,979,11.07.2016,
3388,1235,,
3389,1491,19.07.2016,
3390,1747,21.07.2016,
3391,2003,,
3392,212,29.06.2016,
3393,468,01.08.2016,
3394,724,10.08.2016,
3395,980,11.07.2016,
3396,1236,,
3397,1492,20.07.2016,
3398,1748,21.07.2016,
3399,2004,,
3400,212,28.07.2016,
3401,468,04.07.2016,
3402,724,06.07.2016,
3403,980,22.08.2016,
3404,1236,14.07.2016,
3405,1492,,
3406,1748,,
3407,2004,26.07.2016,
3408,213,28.07.2016,
3409,469,04.07.2016,
3410,725,06.07.2016,
3411,981,22.08.2016,
3412,1237,14.07.2016,
3413,1493,,
3414,1749,,
3415,2005,26.07.2016,
3416,213,29.06.2016,
3417,469,01.08.2016,
3418,725,10.08.2016,
3419,981,11.07.2016,
3420,1237,,
3421,1493,19.07.2016,
3422,1749,21.07.2016,
3423,2005,,
3424,214,28.07.2016,
3425,470,04.07.2016,
3426,726,06.07.2016,
3427,982,15.08.2016,
3428,1238,14.07.2016,
3429,1494,,
3430,1750,,
3431,2006,26.07.2016,
3432,214,29.06.2016,
3433,470,01.08.2016,
3434,726,10.08.2016,
3435,982,11.07.2016,
3436,1238,,
3437,1494,19.07.2016,
3438,1750,21.07.2016,
3439,2006,,
3440,215,29.06.2016,
3441,471,01.08.2016,
3442,727,10.08.2016,
3443,983,11.07.2016,
3444,1239,,
3445,1495,19.07.2016,
3446,1751,21.07.2016,
3447,2007,,
3448,215,28.07.2016,
3449,471,04.07.2016,
3450,727,06.07.2016,
3451,983,15.08.2016,
3452,1239,14.07.2016,
3453,1495,,
3454,1751,,
3455,2007,26.07.2016,
3456,216,29.06.2016,
3457,472,01.08.2016,
3458,728,10.08.2016,
3459,984,11.07.2016,
3460,1240,,
3461,1496,19.07.2016,
3462,1752,21.07.2016,
3463,2008,,
3464,216,28.07.2016,
3465,472,04.07.2016,
3466,728,06.07.2016,
3467,984,15.08.2016,
3468,1240,14.07.2016,
3469,1496,,
3470,1752,,
3471,2008,26.07.2016,
3472,217,28.07.2016,
3473,473,04.07.2016,
3474,729,06.07.2016,
3475,985,15.08.2016,
3476,1241,14.07.2016,
3477,1497,,
3478,1753,,
3479,2009,26.07.2016,
3480,217,29.06.2016,
3481,473,01.08.2016,
3482,729,10.08.2016,
3483,985,11.07.2016,
3484,1241,,
3485,1497,19.07.2016,
3486,1753,21.07.2016,
3487,2009,,
3488,218,28.07.2016,
3489,474,04.07.2016,
3490,730,06.07.2016,
3491,986,15.08.2016,
3492,1242,14.07.2016,
3493,1498,,
3494,1754,,
3495,2010,26.07.2016,
3496,218,29.06.2016,
3497,474,01.08.2016,
3498,730,10.08.2016,
3499,986,11.07.2016,
3500,1242,,
3501,1498,20.07.2016,
3502,1754,21.07.2016,
3503,2010,,
3504,219,29.06.2016,
3505,475,01.08.2016,
3506,731,10.08.2016,
3507,987,11.07.2016,
3508,1243,,
3509,1499,19.07.2016,
3510,1755,21.07.2016,
3511,2011,,
3512,219,28.07.2016,
3513,475,04.07.2016,
3514,731,06.07.2016,
3515,987,15.08.2016,
3516,1243,14.07.2016,
3517,1499,,
3518,1755,,
3519,2011,26.07.2016,
3520,220,28.07.2016,
3521,476,04.07.2016,
3522,732,06.07.2016,
3523,988,15.08.2016,
3524,1244,14.07.2016,
3525,1500,,
3526,1756,,
3527,2012,26.07.2016,
3528,220,29.06.2016,
3529,476,01.08.2016,
3530,732,10.08.2016,
3531,988,11.07.2016,
3532,1244,,
3533,1500,20.07.2016,
3534,1756,21.07.2016,
3535,2012,,
3536,221,29.06.2016,
3537,477,01.08.2016,
3538,733,10.08.2016,
3539,989,11.07.2016,
3540,1245,,
3541,1501,19.07.2016,
3542,1757,21.07.2016,
3543,2013,,
3544,221,28.07.2016,
3545,477,04.07.2016,
3546,733,06.07.2016,
3547,989,15.08.2016,
3548,1245,13.07.2016,
3549,1501,,
3550,1757,,
3551,2013,26.07.2016,
3552,222,29.06.2016,
3553,478,01.08.2016,
3554,734,10.08.2016,
3555,990,11.07.2016,
3556,1246,,
3557,1502,20.07.2016,
3558,1758,21.07.2016,
3559,2014,,
3560,222,28.07.2016,
3561,478,04.07.2016,
3562,734,06.07.2016,
3563,990,15.08.2016,
3564,1246,13.07.2016,
3565,1502,,
3566,1758,,
3567,2014,26.07.2016,
3568,223,28.07.2016,
3569,479,04.07.2016,
3570,735,06.07.2016,
3571,991,15.08.2016,
3572,1247,14.07.2016,
3573,1503,,
3574,1759,,
3575,2015,26.07.2016,
3576,223,29.06.2016,
3577,479,01.08.2016,
3578,735,10.08.2016,
3579,991,11.07.2016,
3580,1247,,
3581,1503,20.07.2016,
3582,1759,21.07.2016,
3583,2015,,
3584,224,28.07.2016,
3585,480,04.07.2016,
3586,736,06.07.2016,
3587,992,15.08.2016,
3588,1248,14.07.2016,
3589,1504,,
3590,1760,,
3591,2016,26.07.2016,
3592,224,29.06.2016,
3593,480,01.08.2016,
3594,736,10.08.2016,
3595,992,11.07.2016,
3596,1248,,
3597,1504,20.07.2016,
3598,1760,21.07.2016,
3599,2016,,
3600,225,30.06.2016,
3601,481,01.08.2016,
3602,737,10.08.2016,
3603,993,11.07.2016,
3604,1249,,
3605,1505,20.07.2016,
3606,1761,21.07.2016,
3607,2017,,
3608,225,28.07.2016,
3609,481,04.07.2016,
3610,737,06.07.2016,
3611,993,15.08.2016,
3612,1249,,
3613,1505,,
3614,1761,,
3615,2017,26.07.2016,
3616,226,30.06.2016,
3617,482,01.08.2016,
3618,738,10.08.2016,
3619,994,11.07.2016,
3620,1250,,
3621,1506,20.07.2016,
3622,1762,21.07.2016,
3623,2018,,
3624,226,28.07.2016,
3625,482,04.07.2016,
3626,738,06.07.2016,
3627,994,15.08.2016,
3628,1250,14.07.2016,
3629,1506,,
3630,1762,,
3631,2018,26.07.2016,
3632,227,28.07.2016,
3633,483,04.07.2016,
3634,739,06.07.2016,
3635,995,15.08.2016,
3636,1251,13.07.2016,
3637,1507,,
3638,1763,,
3639,2019,26.07.2016,
3640,227,30.06.2016,
3641,483,01.08.2016,
3642,739,10.08.2016,
3643,995,11.07.2016,
3644,1251,,
3645,1507,20.07.2016,
3646,1763,21.07.2016,
3647,2019,,
3648,228,30.06.2016,
3649,484,01.08.2016,
3650,740,10.08.2016,
3651,996,11.07.2016,
3652,1252,,
3653,1508,20.07.2016,
3654,1764,21.07.2016,
3655,2020,,
3656,228,28.07.2016,
3657,484,04.07.2016,
3658,740,06.07.2016,
3659,996,15.08.2016,
3660,1252,13.07.2016,
3661,1508,,
3662,1764,,
3663,2020,26.07.2016,
3664,229,28.07.2016,
3665,485,04.07.2016,
3666,741,06.07.2016,
3667,997,22.08.2016,
3668,1253,13.07.2016,
3669,1509,,
3670,1765,,
3671,2021,26.07.2016,
3672,229,30.06.2016,
3673,485,01.08.2016,
3674,741,10.08.2016,
3675,997,11.07.2016,
3676,1253,,
3677,1509,20.07.2016,
3678,1765,21.07.2016,
3679,2021,,
3680,230,28.07.2016,
3681,486,04.07.2016,
3682,742,06.07.2016,
3683,998,22.08.2016,
3684,1254,13.07.2016,
3685,1510,,
3686,1766,,
3687,2022,26.07.2016,
3688,230,30.06.2016,
3689,486,01.08.2016,
3690,742,10.08.2016,
3691,998,11.07.2016,
3692,1254,,
3693,1510,20.07.2016,
3694,1766,21.07.2016,
3695,2022,,
3696,231,30.06.2016,
3697,487,01.08.2016,
3698,743,10.08.2016,
3699,999,11.07.2016,
3700,1255,,
3701,1511,20.07.2016,
3702,1767,21.07.2016,
3703,2023,,
3704,231,27.07.2016,
3705,487,04.07.2016,
3706,743,06.07.2016,
3707,999,22.08.2016,
3708,1255,13.07.2016,
3709,1511,,
3710,1767,,
3711,2023,26.07.2016,
3712,232,30.06.2016,
3713,488,01.08.2016,
3714,744,10.08.2016,
3715,1000,11.07.2016,
3716,1256,,
3717,1512,20.07.2016,
3718,1768,21.07.2016,
3719,2024,,
3720,232,27.07.2016,
3721,488,04.07.2016,
3722,744,06.07.2016,
3723,1000,22.08.2016,
3724,1256,13.07.2016,
3725,1512,,
3726,1768,,
3727,2024,26.07.2016,
3728,233,27.07.2016,
3729,489,04.07.2016,
3730,745,06.07.2016,
3731,1001,22.08.2016,
3732,1257,13.07.2016,
3733,1513,,
3734,1769,,
3735,2025,26.07.2016,
3736,233,30.06.2016,
3737,489,01.08.2016,
3738,745,10.08.2016,
3739,1001,11.07.2016,
3740,1257,,
3741,1513,20.07.2016,
3742,1769,21.07.2016,
3743,2025,,
3744,234,27.07.2016,
3745,490,04.07.2016,
3746,746,06.07.2016,
3747,1002,22.08.2016,
3748,1258,13.07.2016,
3749,1514,,
3750,1770,,
3751,2026,26.07.2016,
3752,234,30.06.2016,
3753,490,01.08.2016,
3754,746,10.08.2016,
3755,1002,11.07.2016,
3756,1258,,
3757,1514,20.07.2016,
3758,1770,21.07.2016,
3759,2026,,
3760,235,30.06.2016,
3761,491,01.08.2016,
3762,747,10.08.2016,
3763,1003,11.07.2016,
3764,1259,,02.09.2016
3765,1515,20.07.2016,
3766,1771,21.07.2016,
3767,2027,,
3768,235,27.07.2016,
3769,491,04.07.2016,
3770,747,06.07.2016,
3771,1003,22.08.2016,
3772,1259,13.07.2016,
3773,1515,,
3774,1771,,
3775,2027,26.07.2016,
3776,236,27.07.2016,
3777,492,04.07.2016,
3778,748,06.07.2016,
3779,1004,22.08.2016,
3780,1260,13.07.2016,
3781,1516,,
3782,1772,,
3783,2028,26.07.2016,
3784,236,30.06.2016,
3785,492,01.08.2016,
3786,748,10.08.2016,
3787,1004,11.07.2016,
3788,1260,,
3789,1516,20.07.2016,
3790,1772,21.07.2016,
3791,2028,,
3792,237,30.06.2016,
3793,493,01.08.2016,
3794,749,10.08.2016,
3795,1005,11.07.2016,
3796,1261,,02.09.2016
3797,1517,20.07.2016,
3798,1773,21.07.2016,
3799,2029,,
3800,237,27.07.2016,
3801,493,04.07.2016,
3802,749,06.07.2016,
3803,1005,22.08.2016,
3804,1261,13.07.2016,
3805,1517,,
3806,1773,,
3807,2029,26.07.2016,
3808,238,30.06.2016,
3809,494,01.08.2016,
3810,750,10.08.2016,
3811,1006,11.07.2016,
3812,1262,,
3813,1518,20.07.2016,
3814,1774,21.07.2016,
3815,2030,,
3816,238,27.07.2016,
3817,494,04.07.2016,
3818,750,06.07.2016,
3819,1006,22.08.2016,
3820,1262,13.07.2016,
3821,1518,,
3822,1774,,
3823,2030,26.07.2016,
3824,239,27.07.2016,
3825,495,04.07.2016,
3826,751,06.07.2016,
3827,1007,,16.08.2016
3828,1263,13.07.2016,
3829,1519,,
3830,1775,,
3831,2031,26.07.2016,
3832,239,30.06.2016,
3833,495,01.08.2016,
3834,751,10.08.2016,
3835,1007,11.07.2016,
3836,1263,,24.08.2016
3837,1519,20.07.2016,
3838,1775,22.07.2016,
3839,2031,,
3840,240,30.06.2016,
3841,496,01.08.2016,
3842,752,10.08.2016,
3843,1008,11.07.2016,
3844,1264,,24.08.2016
3845,1520,19.07.2016,
3846,1776,22.07.2016,
3847,2032,,
3848,240,27.07.2016,
3849,496,04.07.2016,
3850,752,06.07.2016,
3851,1008,22.08.2016,
3852,1264,13.07.2016,
3853,1520,,
3854,1776,,
3855,2032,26.07.2016,
3856,241,28.07.2016,
3857,497,04.07.2016,
3858,753,06.07.2016,
3859,1009,22.08.2016,
3860,1265,13.07.2016,
3861,1521,,
3862,1777,,
3863,2033,26.07.2016,
3864,241,30.06.2016,
3865,497,01.08.2016,
3866,753,10.08.2016,
3867,1009,11.07.2016,
3868,1265,,
3869,1521,20.07.2016,
3870,1777,21.07.2016,
3871,2033,,
3872,242,28.07.2016,
3873,498,04.07.2016,
3874,754,06.07.2016,
3875,1010,22.08.2016,
3876,1266,13.07.2016,
3877,1522,,
3878,1778,,
3879,2034,26.07.2016,
3880,242,30.06.2016,
3881,498,01.08.2016,
3882,754,10.08.2016,
3883,1010,11.07.2016,
3884,1266,,
3885,1522,20.07.2016,
3886,1778,21.07.2016,
3887,2034,,
3888,243,30.06.2016,
3889,499,01.08.2016,
3890,755,10.08.2016,
3891,1011,11.07.2016,
3892,1267,,
3893,1523,19.07.2016,
3894,1779,21.07.2016,
3895,2035,,
3896,243,28.07.2016,
3897,499,04.07.2016,
3898,755,06.07.2016,
3899,1011,22.08.2016,
3900,1267,14.07.2016,
3901,1523,,
3902,1779,,
3903,2035,26.07.2016,
3904,244,27.07.2016,
3905,500,04.07.2016,
3906,756,06.07.2016,
3907,1012,22.08.2016,
3908,1268,14.07.2016,
3909,1524,,
3910,1780,,
3911,2036,26.07.2016,
3912,244,30.06.2016,
3913,500,01.08.2016,
3914,756,10.08.2016,
3915,1012,11.07.2016,
3916,1268,,
3917,1524,19.07.2016,
3918,1780,21.07.2016,
3919,2036,,
3920,245,30.06.2016,
3921,501,01.08.2016,
3922,757,10.08.2016,
3923,1013,11.07.2016,
3924,1269,,
3925,1525,19.07.2016,
3926,1781,21.07.2016,
3927,2037,,
3928,245,27.07.2016,
3929,501,04.07.2016,
3930,757,06.07.2016,
3931,1013,22.08.2016,
3932,1269,14.07.2016,
3933,1525,,
3934,1781,,
3935,2037,26.07.2016,
3936,246,30.06.2016,
3937,502,01.08.2016,
3938,758,10.08.2016,
3939,1014,11.07.2016,
3940,1270,,02.09.2016
3941,1526,19.07.2016,
3942,1782,21.07.2016,
3943,2038,,
3944,246,28.07.2016,
3945,502,04.07.2016,
3946,758,06.07.2016,
3947,1014,22.08.2016,
3948,1270,14.07.2016,
3949,1526,,
3950,1782,,
3951,2038,26.07.2016,
3952,247,28.07.2016,
3953,503,04.07.2016,
3954,759,06.07.2016,
3955,1015,15.08.2016,
3956,1271,14.07.2016,
3957,1527,,
3958,1783,,
3959,2039,26.07.2016,
3960,247,30.06.2016,
3961,503,01.08.2016,
3962,759,10.08.2016,
3963,1015,11.07.2016,
3964,1271,,
3965,1527,19.07.2016,
3966,1783,21.07.2016,
3967,2039,,
3968,248,28.07.2016,
3969,504,04.07.2016,
3970,760,06.07.2016,
3971,1016,22.08.2016,
3972,1272,14.07.2016,
3973,1528,,
3974,1784,,
3975,2040,26.07.2016,
3976,248,30.06.2016,
3977,504,01.08.2016,
3978,760,10.08.2016,
3979,1016,11.07.2016,
3980,1272,,
3981,1528,19.07.2016,
3982,1784,21.07.2016,
3983,2040,,
3984,249,30.06.2016,
3985,505,01.08.2016,
3986,761,10.08.2016,
3987,1017,11.07.2016,
3988,1273,,
3989,1529,19.07.2016,
3990,1785,21.07.2016,
3991,2041,,
3992,249,28.07.2016,
3993,505,04.07.2016,
3994,761,06.07.2016,
3995,1017,22.08.2016,
3996,1273,14.07.2016,
3997,1529,,
3998,1785,,
3999,2041,26.07.2016,
4000,250,30.06.2016,
4001,506,01.08.2016,
4002,762,10.08.2016,
4003,1018,11.07.2016,
4004,1274,,
4005,1530,19.07.2016,
4006,1786,21.07.2016,
4007,2042,,
4008,250,28.07.2016,
4009,506,04.07.2016,
4010,762,06.07.2016,
4011,1018,22.08.2016,
4012,1274,14.07.2016,
4013,1530,,
4014,1786,,
4015,2042,26.07.2016,
4016,251,28.07.2016,
4017,507,04.07.2016,
4018,763,06.07.2016,
4019,1019,22.08.2016,
4020,1275,14.07.2016,
4021,1531,,
4022,1787,,
4023,2043,26.07.2016,
4024,251,30.06.2016,
4025,507,01.08.2016,
4026,763,10.08.2016,
4027,1019,11.07.2016,
4028,1275,,
4029,1531,19.07.2016,
4030,1787,21.07.2016,
4031,2043,,
4032,252,30.06.2016,
4033,508,01.08.2016,
4034,764,10.08.2016,
4035,1020,11.07.2016,
4036,1276,,
4037,1532,,
4038,1788,21.07.2016,
4039,2044,,
4040,252,28.07.2016,
4041,508,04.07.2016,
4042,764,06.07.2016,
4043,1020,22.08.2016,
4044,1276,14.07.2016,
4045,1532,,
4046,1788,,
4047,2044,26.07.2016,
4048,253,28.07.2016,
4049,509,04.07.2016,
4050,765,06.07.2016,
4051,1021,22.08.2016,
4052,1277,14.07.2016,
4053,1533,,
4054,1789,,
4055,2045,26.07.2016,
4056,253,30.06.2016,
4057,509,01.08.2016,
4058,765,10.08.2016,
4059,1021,11.07.2016,
4060,1277,,
4061,1533,19.07.2016,
4062,1789,21.07.2016,
4063,2045,,
4064,254,28.07.2016,
4065,510,04.07.2016,
4066,766,06.07.2016,
4067,1022,22.08.2016,
4068,1278,14.07.2016,
4069,1534,,
4070,1790,,
4071,2046,26.07.2016,
4072,254,30.06.2016,
4073,510,01.08.2016,
4074,766,10.08.2016,
4075,1022,11.07.2016,
4076,1278,,
4077,1534,19.07.2016,
4078,1790,21.07.2016,
4079,2046,,
4080,255,30.06.2016,
4081,511,01.08.2016,
4082,767,10.08.2016,
4083,1023,11.07.2016,
4084,1279,,
4085,1535,19.07.2016,
4086,1791,21.07.2016,
4087,2047,,
4088,255,28.07.2016,
4089,511,04.07.2016,
4090,767,06.07.2016,
4091,1023,22.08.2016,
4092,1279,14.07.2016,
4093,1535,,
4094,1791,,
4095,2047,,
